rank,gameName,tagLine,tier,leaguePoints,plays,wins,tops,winRate,top4Rate
1,ZETA title,3331,CHALLENGER,1358,183,56,133,30.6,72.7
2,fandel,kahn,CHALLENGER,1336,298,67,199,22.5,66.8
3,ぬこ丸,JP1,CHALLENGER,1183,282,62,186,22.0,66.0
4,なまたらこ,Roe,CHALLENGER,1128,199,52,143,26.1,71.9
5,just feel alive,JP1,CHALLENGER,1126,248,55,166,22.2,66.9
6,たろうのTFT大学,ゆにば,CHALLENGER,1047,289,66,184,22.8,63.7
7,ZETA yatsuhashi,3210,CHALLENGER,847,142,40,105,28.2,73.9
8,m1zono,5140,CHALLENGER,711,264,61,162,23.1,61.4
9,chocotomato,JP1,CHALLENGER,697,167,37,104,22.2,62.3
10,タラコ兄貴,0120,CHALLENGER,656,338,59,208,17.5,61.5
11,マクD,1910,CHALLENGER,628,309,61,184,19.7,59.5
12,Mimosa 7,JP1,CHALLENGER,613,273,47,169,17.2,61.9
13,tatty,2213,CHALLENGER,611,269,38,166,14.1,61.7
14,きじちゃん,TFT,CHALLENGER,603,222,39,137,17.6,61.7
15,りくるす,Recls,CHALLENGER,594,240,45,151,18.8,62.9
16,ZETA summertimer,1230,CHALLENGER,589,106,30,83,28.3,78.3
17,bachine,JP1,CHALLENGER,564,120,26,91,21.7,75.8
18,KAITO,617,CHALLENGER,563,264,48,165,18.2,62.5
19,くわる,JP1,CHALLENGER,555,366,64,208,17.5,56.8
20,たし蟹ｗ,JP1,CHALLENGER,542,145,35,90,24.1,62.1
21,pomicho,6969,CHALLENGER,513,328,45,186,13.7,56.7
22,高科 奈桜,JP2,CHALLENGER,500,409,63,226,15.4,55.3
23,ミドリガメ,JP1,GRANDMASTER,571,207,44,122,21.3,58.9
24,maonn,JP1,GRANDMASTER,527,279,44,152,15.8,54.5
25,ウェザー Twitch,2563,GRANDMASTER,524,234,45,124,19.2,53.0
26,みんなのよさこい琉球ファイターズ,jinbe,GRANDMASTER,510,217,37,126,17.1,58.1
27,Potata,JP1,GRANDMASTER,508,266,43,155,16.2,58.3
28,next777,JP1,GRANDMASTER,504,313,53,176,16.9,56.2
29,riri,3390,GRANDMASTER,499,350,57,194,16.3,55.4
30,saakiima,JP1,GRANDMASTER,465,390,64,209,16.4,53.6
31,kuronagenaihu,IKA,GRANDMASTER,448,374,62,222,16.6,59.4
32,pipipp,5038,GRANDMASTER,444,245,43,139,17.6,56.7
33,tamori03,5963,GRANDMASTER,439,132,38,90,28.8,68.2
34,約束された終末,JP1,GRANDMASTER,437,118,24,78,20.3,66.1
35,uohs,9071,GRANDMASTER,436,395,52,205,13.2,51.9
36,ATRI1013,JP1,GRANDMASTER,428,339,36,185,10.6,54.6
37,coloshiya,1099,GRANDMASTER,427,254,35,158,13.8,62.2
38,chong999,chong,GRANDMASTER,426,318,32,179,10.1,56.3
39,しかめまどか,JP1,GRANDMASTER,418,213,47,128,22.1,60.1
40,kenana,7777,GRANDMASTER,415,208,35,126,16.8,60.6
41,UMRぐらし,8056,GRANDMASTER,414,271,55,144,20.3,53.1
42,かをる,かをる,GRANDMASTER,412,310,51,170,16.5,54.8
43,aclon,JP1,GRANDMASTER,394,181,36,102,19.9,56.4
44,出鱈目,9952,GRANDMASTER,391,141,27,95,19.1,67.4
45,yomi,294,GRANDMASTER,376,236,32,141,13.6,59.7
46,ZETA kes,TFT,GRANDMASTER,363,257,41,156,16.0,60.7
47,shimapen,tft,GRANDMASTER,361,223,36,130,16.1,58.3
48,アゲアゲドラゴン,JP2,GRANDMASTER,344,239,41,139,17.2,58.2
49,coyote,2181,GRANDMASTER,331,170,31,100,18.2,58.8
50,All Out,mayu,GRANDMASTER,326,270,39,154,14.4,57.0
51,wado,ouo,GRANDMASTER,313,323,57,171,17.6,52.9
52,あいりまにあ,銭形5,GRANDMASTER,310,352,64,201,18.2,57.1
53,はーれ,1344,GRANDMASTER,307,238,43,142,18.1,59.7
54,miro,733,GRANDMASTER,304,252,48,133,19.0,52.8
55,MaCaronage,JP1,GRANDMASTER,299,303,48,159,15.8,52.5
56,メガラティオス,りれたん,GRANDMASTER,297,290,45,153,15.5,52.8
57,うに軍,JP1,GRANDMASTER,296,151,37,99,24.5,65.6
58,新山玉,JPN,GRANDMASTER,295,282,35,165,12.4,58.5
59,sinn,1119,GRANDMASTER,281,187,38,120,20.3,64.2
60,reni,noob4,GRANDMASTER,278,297,56,157,18.9,52.9
61,Ninja of Ninjas,JP1,GRANDMASTER,276,243,37,133,15.2,54.7
62,門前清自摸和,Tsumo,GRANDMASTER,274,259,37,145,14.3,56.0
63,ウーノ,uno,GRANDMASTER,273,137,21,92,15.3,67.2
64,7Silky7,0821,GRANDMASTER,267,123,19,84,15.4,68.3
65,Arch,syy,GRANDMASTER,264,287,50,173,17.4,60.3
66,サイバーシティ,0926,GRANDMASTER,264,267,66,137,24.7,51.3
67,インターネット,kirby,GRANDMASTER,252,148,29,98,19.6,66.2
68,bakuong,3242,GRANDMASTER,232,282,33,159,11.7,56.4
69,黙ってかぐいろヤチを信仰せよ,8000,GRANDMASTER,227,456,47,229,10.3,50.2
70,pkkoro ttv,なんで,GRANDMASTER,223,355,59,194,16.6,54.6
71,yayaya888y,5142,GRANDMASTER,220,123,17,81,13.8,65.9
72,6sIza,ohuro,GRANDMASTER,214,192,32,109,16.7,56.8
73,がなはる,JP1,GRANDMASTER,210,467,49,255,10.5,54.6
74,ゆろたん,JP1,GRANDMASTER,208,155,21,91,13.5,58.7
75,CN某不知名选手,0419,GRANDMASTER,208,127,32,79,25.2,62.2
76,キッキちゃん,JP1,GRANDMASTER,194,326,57,178,17.5,54.6
77,Kanda in bush,JP1,GRANDMASTER,192,211,26,123,12.3,58.3
78,Sira,4308,GRANDMASTER,167,158,35,93,22.2,58.9
79,ほんまごめん,JP1,GRANDMASTER,139,216,32,120,14.8,55.6
80,Sol tft,000,GRANDMASTER,131,315,44,175,14.0,55.6
81,rin,1859,GRANDMASTER,84,163,33,96,20.2,58.9
82,Itoen,JP1,MASTER,246,178,43,108,24.2,60.7
83,k1rqi,JP1,MASTER,238,383,31,207,8.1,54.0
84,azarea,JP1,MASTER,209,164,16,100,9.8,61.0
85,つきのるな,moon,MASTER,203,355,36,190,10.1,53.5
86,や む,0217,MASTER,202,142,20,89,14.1,62.7
87,ポッチャマ,Real,MASTER,198,402,57,218,14.2,54.2
88,LothricNight,JP1,MASTER,194,121,17,74,14.0,61.2
89,ドーナツ野郎,000,MASTER,193,361,52,197,14.4,54.6
90,TsukuNeJP,TTV,MASTER,166,172,29,101,16.9,58.7
91,coffeelate,JP1,MASTER,157,143,21,90,14.7,62.9
92,chiqa,o o,MASTER,156,135,24,84,17.8,62.2
93,watari4game,8027,MASTER,154,306,40,162,13.1,52.9
94,のこじん,JP1,MASTER,152,124,27,70,21.8,56.5
95,lala,1103,MASTER,149,195,27,116,13.8,59.5
96,まいける,JP1,MASTER,146,242,32,124,13.2,51.2
97,siro,4818,MASTER,143,199,25,112,12.6,56.3
98,Ashes of theStar,JP2,MASTER,142,139,29,78,20.9,56.1
99,Sivy,JP2,MASTER,142,214,41,117,19.2,54.7
100,Mizz,Zzzz,MASTER,138,276,32,154,11.6,55.8
101,ssss,4473,MASTER,137,193,34,113,17.6,58.5
102,dodeka,dode,MASTER,137,178,38,98,21.3,55.1
103,それじゃ救いに行くね世界,ぷちでび,MASTER,130,220,40,113,18.2,51.4
104,めんだこ,0101,MASTER,127,216,39,112,18.1,51.9
105,かんをん,9078,MASTER,127,442,73,216,16.5,48.9
106,shikirow,512,MASTER,126,226,29,120,12.8,53.1
107,JackSimon,1111,MASTER,126,121,23,74,19.0,61.2
108,仏陀いいよね,JP1,MASTER,123,260,33,129,12.7,49.6
109,tteru,JP1,MASTER,123,175,25,94,14.3,53.7
110,cobini,9300,MASTER,122,201,37,112,18.4,55.7
111,mikazuk1,JP1,MASTER,122,142,24,91,16.9,64.1
112,Nelly,VAL,MASTER,121,239,32,130,13.4,54.4
113,Sg chimpan Z,JP1,MASTER,116,251,41,134,16.3,53.4
114,reisu777,JP1,MASTER,116,161,26,96,16.1,59.6
115,Emteror,2362,MASTER,116,172,26,103,15.1,59.9
116,tsune,8466,MASTER,112,164,25,96,15.2,58.5
117,麦わら,123,MASTER,112,176,29,99,16.5,56.2
118,non1341,JP1,MASTER,109,220,35,115,15.9,52.3
119,Hurrry,JP1,MASTER,109,195,38,105,19.5,53.8
120,DeLaFille,JP1,MASTER,108,270,37,153,13.7,56.7
121,ながちゃまちゃまちゃまちゃま,ちゃま,MASTER,106,311,51,159,16.4,51.1
122,LOVEずっきゅん,2025,MASTER,105,168,18,97,10.7,57.7
123,くろごま,2222,MASTER,105,121,29,70,24.0,57.9
124,halkus9,4409,MASTER,105,271,30,161,11.1,59.4
125,柴犬しきちゃん,JP1,MASTER,104,110,28,68,25.5,61.8
126,ocarina,JP1,MASTER,103,331,50,168,15.1,50.8
127,lsa,136b,MASTER,102,186,27,105,14.5,56.5
128,Ignis,JP1,MASTER,101,278,35,137,12.6,49.3
129,ButeN,0116,MASTER,101,158,32,95,20.3,60.1
130,SHiRoxK,0909,MASTER,99,238,41,131,17.2,55.0
131,boby,6324,MASTER,98,212,27,123,12.7,58.0
132,悪キングカボチャンス,ART,MASTER,96,131,23,76,17.6,58.0
133,ふわふわ戦隊もちぐまん,3282,MASTER,96,90,22,60,24.4,66.7
134,rerererrrr,aaa,MASTER,95,217,24,126,11.1,58.1
135,koaji,JP1,MASTER,91,110,28,63,25.5,57.3
136,Wafuuuu,JP1,MASTER,88,240,28,132,11.7,55.0
137,篠澤広,0606,MASTER,88,160,19,99,11.9,61.9
138,Mapo,777,MASTER,88,180,30,100,16.7,55.6
139,nanoha hina,JP1,MASTER,86,196,25,113,12.8,57.7
140,hokkaito,abcd,MASTER,85,165,33,90,20.0,54.5
141,hizashi,12345,MASTER,84,217,38,118,17.5,54.4
142,ItsCaramel,crml,MASTER,82,244,45,134,18.4,54.9
143,MahyanPower,JP1,MASTER,82,296,34,159,11.5,53.7
144,Pekkle,DACK,MASTER,81,319,47,162,14.7,50.8
145,yura200,JP1,MASTER,81,154,30,86,19.5,55.8
146,ふわふわエイム,JP1,MASTER,80,113,22,71,19.5,62.8
147,torimutHL,angry,MASTER,80,242,41,132,16.9,54.5
148,OXフォード大学の劣等生,TFT,MASTER,80,254,40,140,15.7,55.1
149,かものはし,18800,MASTER,80,193,28,104,14.5,53.9
150,akari1209,JP1,MASTER,79,154,21,89,13.6,57.8
151,tktk121212,JP1,MASTER,78,226,27,121,11.9,53.5
152,ドラゴン翼,JP1,MASTER,77,195,37,109,19.0,55.9
153,kantelio,fna9,MASTER,77,124,24,78,19.4,62.9
154,暗めのいぶりん,L3NS,MASTER,77,119,22,72,18.5,60.5
155,神奈川,9090,MASTER,76,330,52,170,15.8,51.5
156,gufu,5098,MASTER,76,96,32,67,33.3,69.8
157,Ap0LLon,JP1,MASTER,75,220,32,117,14.5,53.2
158,sobachin,3150,MASTER,75,304,51,142,16.8,46.7
159,aikosuki,JP1,MASTER,74,242,50,136,20.7,56.2
160,桐谷melee,JP1,MASTER,72,244,28,134,11.5,54.9
161,shoyu34,JP1,MASTER,72,181,32,98,17.7,54.1
162,nemuleaf,ref,MASTER,72,307,35,154,11.4,50.2
163,神の左手悪魔の右手,2581,MASTER,70,150,23,97,15.3,64.7
164,deky,001,MASTER,70,186,37,106,19.9,57.0
165,Lotuslight,6656,MASTER,69,312,48,168,15.4,53.8
166,ZPM,0877,MASTER,69,226,36,111,15.9,49.1
167,はえー,haeee,MASTER,68,98,20,67,20.4,68.4
168,buruzuai,JP1,MASTER,68,396,39,208,9.8,52.5
169,Japanese Leduck,JAL,MASTER,67,184,34,97,18.5,52.7
170,たなってぃ,8443,MASTER,65,203,44,108,21.7,53.2
171,sugarless,6547,MASTER,64,166,24,93,14.5,56.0
172,koto神,0904,MASTER,64,131,17,80,13.0,61.1
173,ElectricCallboy,9957,MASTER,63,211,23,118,10.9,55.9
174,RubyArs,5956,MASTER,63,246,36,130,14.6,52.8
175,ぴかぴかまゆげ計画,からあげ,MASTER,63,234,32,132,13.7,56.4
176,clock,9680,MASTER,62,327,42,173,12.8,52.9
177,tsuchinoto,9804,MASTER,62,181,18,104,9.9,57.5
178,クワトロバジーナ,100,MASTER,62,262,42,127,16.0,48.5
179,Gran,1569,MASTER,61,181,17,105,9.4,58.0
180,zaaki512,2693,MASTER,61,186,24,101,12.9,54.3
181,お昼はカレー,7821,MASTER,61,268,35,145,13.1,54.1
182,Siff,9864,MASTER,59,191,31,104,16.2,54.5
183,dowao,89165,MASTER,56,220,31,107,14.1,48.6
184,rym,CCC,MASTER,55,250,32,139,12.8,55.6
185,taakkutan,385,MASTER,55,100,21,66,21.0,66.0
186,ひかまに,0000,MASTER,54,279,40,155,14.3,55.6
187,Tawara,JP1,MASTER,53,144,20,87,13.9,60.4
188,ブランゴ,2425,MASTER,53,254,29,132,11.4,52.0
189,ハイエナMD,1212,MASTER,53,169,27,95,16.0,56.2
190,ちいかわ,古本屋,MASTER,52,172,17,103,9.9,59.9
191,さのマル,JP1,MASTER,50,198,31,108,15.7,54.5
192,Rinsal,9204,MASTER,49,168,35,90,20.8,53.6
193,summertimer 大好き,3331,MASTER,48,253,32,140,12.6,55.3
194,iwasi99,iwasi,MASTER,48,157,28,85,17.8,54.1
195,ishin,4635,MASTER,48,191,18,104,9.4,54.5
196,DKX,JP3,MASTER,46,143,26,86,18.2,60.1
197,Karina,nkotu,MASTER,46,181,33,101,18.2,55.8
198,annsa45,6592,MASTER,45,156,32,83,20.5,53.2
199,エバラ,エバラ,MASTER,44,182,28,99,15.4,54.4
200,SivataRie,JP1,MASTER,43,181,33,107,18.2,59.1
201,Justice Gun,JP1,MASTER,43,143,22,80,15.4,55.9
202,ちえりです,JP1,MASTER,43,122,21,77,17.2,63.1
203,鍛冶屋たたら,JP1,MASTER,43,299,43,161,14.4,53.8
204,coru,107,MASTER,43,201,32,118,15.9,58.7
205,運ゲーtft,0723,MASTER,42,286,57,143,19.9,50.0
206,絶対絶対よらないザウルス,IKURA,MASTER,42,292,41,156,14.0,53.4
207,CinnamoLoL,6097,MASTER,41,355,55,186,15.5,52.4
208,Maishixi,Daze,MASTER,41,151,24,86,15.9,57.0
209,過労キティ,ぐぶんじー,MASTER,41,269,33,146,12.3,54.3
210,Aurorastar,JP1,MASTER,40,131,25,77,19.1,58.8
211,二択の玄人,山分け,MASTER,40,155,25,87,16.1,56.1
212,tapi,7176,MASTER,40,140,28,84,20.0,60.0
213,Phancyboy,7815,MASTER,40,248,34,130,13.7,52.4
214,MOROMOTO,JP1,MASTER,39,104,15,68,14.4,65.4
215,minuete,0001,MASTER,39,196,27,113,13.8,57.7
216,noi,93333,MASTER,39,346,53,174,15.3,50.3
217,ますかっと,10310,MASTER,39,302,38,154,12.6,51.0
218,ファンファンクロス,9143,MASTER,38,433,58,219,13.4,50.6
219,Gilgamesh,FFFF,MASTER,38,360,56,193,15.6,53.6
220,喚潮鮫姫,takuk,MASTER,37,108,16,71,14.8,65.7
221,samonaaa,JP1,MASTER,37,353,28,179,7.9,50.7
222,愛しの君とこの世のはたて,ぺちこ,MASTER,36,140,29,81,20.7,57.9
223,ビューティフルシャドウ,4868,MASTER,35,261,27,137,10.3,52.5
224,Eniac,tft,MASTER,35,279,48,143,17.2,51.3
225,Kasumi,KY69,MASTER,34,79,22,56,27.8,70.9
226,TooBigYantama,9343,MASTER,32,182,33,99,18.1,54.4
227,Starfish,starf,MASTER,32,289,37,163,12.8,56.4
228,Potz,1078,MASTER,32,86,23,56,26.7,65.1
229,にらぴん,JP1,MASTER,32,156,24,89,15.4,57.1
230,kuma,4464,MASTER,32,122,20,80,16.4,65.6
231,一撃以外ありえないwww,異教徒,MASTER,31,221,40,120,18.1,54.3
232,黒影海老,kvd,MASTER,30,127,23,78,18.1,61.4
233,Pulverizing,jett,MASTER,29,250,42,133,16.8,53.2
234,J1NJ1E,7678,MASTER,28,266,32,136,12.0,51.1
235,황천완볼록,황천완 볼,MASTER,28,332,46,172,13.9,51.8
236,eto333,JP1,MASTER,27,153,25,86,16.3,56.2
237,kisso66,kisso,MASTER,27,140,21,84,15.0,60.0
238,Fjola,JP1,MASTER,24,149,26,87,17.4,58.4
239,MENDOKUSAIII,NUT,MASTER,23,309,56,153,18.1,49.5
240,owaewo,JP1,MASTER,22,123,16,79,13.0,64.2
241,よわい,JP2,MASTER,22,108,19,66,17.6,61.1
242,Petite,JP1,MASTER,20,218,21,121,9.6,55.5
243,怠学生,たいだ,MASTER,20,288,29,155,10.1,53.8
244,魔法ウニ,023,MASTER,19,56,20,42,35.7,75.0
245,Everdale Main,3318,MASTER,18,372,44,180,11.8,48.4
246,Gyaooo,JP1,MASTER,17,213,28,112,13.1,52.6
247,そこ右に左折で,RtoL,MASTER,17,151,32,89,21.2,58.9
248,Dazer,321,MASTER,17,126,17,77,13.5,61.1
249,賽の目,kani,MASTER,16,170,22,99,12.9,58.2
250,kqkk1,4288,MASTER,16,130,16,81,12.3,62.3
251,藤 城,0000,MASTER,16,147,26,83,17.7,56.5
252,minato773,JP1,MASTER,15,224,26,118,11.6,52.7
253,freess,368,MASTER,15,321,44,166,13.7,51.7
254,最強の囮,8190,MASTER,15,252,28,138,11.1,54.8
255,XEST amondo22,8921,MASTER,12,140,34,83,24.3,59.3
256,PwP,2626,MASTER,12,241,46,126,19.1,52.3
257,motetai,4977,MASTER,12,252,34,136,13.5,54.0
258,俺はレ,JP2,MASTER,11,106,19,69,17.9,65.1
259,Sera,yuma,MASTER,11,158,19,95,12.0,60.1
260,よだかの星,JP1,MASTER,10,334,44,175,13.2,52.4
261,April Fool,JP1,MASTER,10,234,31,121,13.2,51.7
262,LostFish,9823,MASTER,10,94,13,70,13.8,74.5
263,運だけの春日,777,MASTER,10,135,25,83,18.5,61.5
264,dy4,3696,MASTER,10,202,31,104,15.3,51.5
265,dolly,5428,MASTER,10,303,35,159,11.6,52.5
266,パーティータイム田中,8tt,MASTER,10,192,24,114,12.5,59.4
267,uirou,桜花抄,MASTER,10,141,22,87,15.6,61.7
268,モモンガのしっぽ,1112,MASTER,10,141,37,87,26.2,61.7
269,deisu,104,MASTER,9,153,29,95,19.0,62.1
270,もりぴー,JP1,MASTER,8,186,29,104,15.6,55.9
271,ara,1012,MASTER,8,111,15,69,13.5,62.2
272,Maple,sry,MASTER,8,417,60,206,14.4,49.4
273,w1thg0at,31102,MASTER,8,192,22,109,11.5,56.8
274,kohada19,JP1,MASTER,7,57,19,45,33.3,78.9
275,ほらみんな集まってニコニコ,NNNN,MASTER,6,295,29,166,9.8,56.3
276,DeepSeek,9572,MASTER,6,90,27,57,30.0,63.3
277,エビフィレオ村上,MSMS,MASTER,4,231,36,120,15.6,51.9
278,aponic,8706,MASTER,3,112,18,67,16.1,59.8
279,Keri,JP1,MASTER,1,168,28,94,16.7,56.0
280,脳汁東京,bjt,MASTER,1,169,25,100,14.8,59.2
281,tomonar1,JP1,MASTER,0,275,27,150,9.8,54.5
282,pano,JP1,MASTER,0,145,28,84,19.3,57.9
283,ekollon,JP1,MASTER,0,178,22,98,12.4,55.1
284,Barotte1,JP1,MASTER,0,192,27,106,14.1,55.2
285,あでみん,JP1,MASTER,0,106,20,63,18.9,59.4
286,tosq90,JP1,MASTER,0,189,26,105,13.8,55.6
287,a lost witch,JP1,MASTER,0,170,27,92,15.9,54.1
288,WINNIE THE POOH,イーヨー派,MASTER,0,328,33,156,10.1,47.6
289,Buraito,buff,MASTER,0,209,14,119,6.7,56.9
290,Yuna,GH0ST,MASTER,0,175,33,95,18.9,54.3
291,NorisK,NOG,MASTER,0,106,12,73,11.3,68.9
292,HLTゆのみ,5502,MASTER,0,311,46,159,14.8,51.1
293,OIIAOIIA,1212,MASTER,0,207,22,117,10.6,56.5
294,やまくだり,1234,MASTER,0,119,19,70,16.0,58.8
295,Fomice,JP1,MASTER,0,202,33,108,16.3,53.5
296,sigure,9623,MASTER,0,194,28,105,14.4,54.1
297,arrows,1335,MASTER,0,217,35,117,16.1,53.9
298,まぐれ,qqqq,MASTER,0,233,28,128,12.0,54.9
299,korekore19,コレコレ,MASTER,0,489,25,257,5.1,52.6
300,FortuneCookie,JP1,MASTER,0,134,30,78,22.4,58.2
301,yossioo,JP1,MASTER,0,224,37,116,16.5,51.8
302,russodeuS,257,MASTER,0,271,35,144,12.9,53.1
303,ふてねGG,tft,MASTER,0,293,31,151,10.6,51.5
304,MITIO,GMX,MASTER,0,282,37,151,13.1,53.5
305,xiaogg88,JP1,MASTER,0,223,54,108,24.2,48.4
306,LIGhtYgo,bili,MASTER,0,190,42,102,22.1,53.7
307,Esuterune,2700,MASTER,0,197,32,110,16.2,55.8
308,UxU,Kya,MASTER,0,203,36,110,17.7,54.2
309,bachiboco,JP1,MASTER,0,203,34,111,16.7,54.7
310,yahkac,2975,MASTER,0,228,29,126,12.7,55.3
311,ZeL0,JP1,MASTER,0,184,28,104,15.2,56.5
312,yumi,160,MASTER,0,275,36,148,13.1,53.8
313,mineral357,JP1,MASTER,0,171,24,101,14.0,59.1
314,若 林,JP1,MASTER,0,218,28,121,12.8,55.5
315,Nqt1poy,6513,MASTER,0,196,25,118,12.8,60.2
316,じぇにゅいん,JP1,MASTER,0,222,32,122,14.4,55.0
317,Nameti,JP2,MASTER,0,225,34,122,15.1,54.2
318,一ノ瀬咲,アマテラス,MASTER,0,171,24,90,14.0,52.6
319,七瀬さん,6167,MASTER,0,130,26,75,20.0,57.7
320,sxrxhl,xxx,MASTER,0,224,36,120,16.1,53.6
321,nakatsu86,3318,MASTER,0,299,47,154,15.7,51.5
322,ponz,9298,MASTER,0,142,22,83,15.5,58.5
323,篠原しの,shino,MASTER,0,175,26,97,14.9,55.4
324,siron,1016,MASTER,0,287,43,151,15.0,52.6
325,Ahooo,6137,MASTER,0,164,24,93,14.6,56.7
326,ieei,9484,MASTER,0,97,22,68,22.7,70.1
327,Presbyterus,0424,MASTER,0,142,21,89,14.8,62.7
328,Chazuke,4962,MASTER,0,179,28,101,15.6,56.4
329,pahukoko,2952,MASTER,0,160,24,93,15.0,58.1
330,xxssuu,2012,MASTER,0,222,27,115,12.2,51.8
331,KonjikiNoMe,7940,MASTER,0,158,18,97,11.4,61.4
332,ケンセイ ライゴウ,4262,MASTER,0,144,20,87,13.9,60.4
333,いち山葵,1447,MASTER,0,130,21,77,16.2,59.2
334,平成最後の厄介事,JP1,MASTER,0,196,35,118,17.9,60.2
335,syakamuchi,7777,DIAMOND,97,251,23,136,9.2,54.2
336,shermanator,JP1,DIAMOND,96,168,38,93,22.6,55.4
337,Paramour,zzz,DIAMOND,96,105,20,64,19.0,61.0
338,k3sore,JP1,DIAMOND,84,157,33,88,21.0,56.1
339,K W,0000,DIAMOND,68,239,42,121,17.6,50.6
340,卍にっく卍,JP1,DIAMOND,67,182,29,102,15.9,56.0
341,Kozmokyouryu,1115,DIAMOND,67,191,33,96,17.3,50.3
342,Fast810,iceT,DIAMOND,61,189,20,106,10.6,56.1
343,ruku,0003,DIAMOND,54,130,27,70,20.8,53.8
344,pkpkt,mid,DIAMOND,53,212,35,113,16.5,53.3
345,ran,0121,DIAMOND,53,145,26,84,17.9,57.9
346,はげ太郎,JP1,DIAMOND,52,113,28,66,24.8,58.4
347,マウスくん,JP1,DIAMOND,48,177,33,94,18.6,53.1
348,Charizard,ay2,DIAMOND,46,159,24,92,15.1,57.9
349,FreeSky,JP1,DIAMOND,45,210,38,108,18.1,51.4
350,ButeNBelk,0116,DIAMOND,45,310,45,164,14.5,52.9
351,くわん,くわん,DIAMOND,44,117,25,67,21.4,57.3
352,timaeus4,3879,DIAMOND,43,153,14,93,9.2,60.8
353,takasousou7,JP1,DIAMOND,38,162,23,93,14.2,57.4
354,mogami,2180,DIAMOND,38,133,17,80,12.8,60.2
355,rikuho,JP1,DIAMOND,34,198,16,115,8.1,58.1
356,sorakun,1644,DIAMOND,34,126,22,80,17.5,63.5
357,しゅえと,JP1,DIAMOND,33,218,27,118,12.4,54.1
358,miyamarubaby,2620,DIAMOND,33,182,27,97,14.8,53.3
359,しんたみ,JP1,DIAMOND,32,88,21,56,23.9,63.6
360,Elfgirls,ELF,DIAMOND,30,190,37,103,19.5,54.2
361,Merluza,4521,DIAMOND,28,141,25,80,17.7,56.7
362,サーフゴー,6231,DIAMOND,28,167,26,95,15.6,56.9
363,fusousan,7202,DIAMOND,28,86,16,57,18.6,66.3
364,Re4L,107,DIAMOND,28,174,26,93,14.9,53.4
365,Satsuki0o0,6125,DIAMOND,25,155,37,83,23.9,53.5
366,いてれーた,5910,DIAMOND,23,146,26,88,17.8,60.3
367,tept,JP1,DIAMOND,19,259,23,137,8.9,52.9
368,akkey1201,3244,DIAMOND,14,239,32,131,13.4,54.8
369,欲しがりません,勝つまでは,DIAMOND,13,255,34,139,13.3,54.5
370,マッチョメン,8123,DIAMOND,13,145,21,83,14.5,57.2
371,おじょこ賢いヨードル,225,DIAMOND,13,337,30,180,8.9,53.4
372,MLE,JP1,DIAMOND,6,218,37,115,17.0,52.8
373,maikoro,JP1,DIAMOND,5,90,17,60,18.9,66.7
374,spacer,2025,DIAMOND,3,367,44,189,12.0,51.5
375,nagato,ngt11,DIAMOND,2,120,20,73,16.7,60.8
376,NAGATSUNE,JP1,DIAMOND,0,194,26,107,13.4,55.2
377,daffy,JP1,DIAMOND,0,282,43,142,15.2,50.4
378,rnxo,JP1,DIAMOND,0,199,21,110,10.6,55.3
379,BullchaN,zoe,DIAMOND,0,179,32,92,17.9,51.4
380,Merua,JP1,DIAMOND,0,132,23,75,17.4,56.8
381,neurous,JP1,DIAMOND,0,173,24,99,13.9,57.2
382,ノーフェイス,JP1,DIAMOND,0,242,54,116,22.3,47.9
383,Slas,dddd,DIAMOND,0,95,17,56,17.9,58.9
384,Starmine,tofu,DIAMOND,99,169,18,103,10.7,60.9
385,ホムラ,5276,DIAMOND,96,131,15,82,11.5,62.6
386,Totaketa,JP1,DIAMOND,94,215,26,125,12.1,58.1
387,KaniOiC,998,DIAMOND,91,121,19,75,15.7,62.0
388,いちごだいふく,0150,DIAMOND,89,139,22,80,15.8,57.6
389,竜ノ介,JP1,DIAMOND,87,166,25,92,15.1,55.4
390,ティエルノ,JP1,DIAMOND,86,118,15,73,12.7,61.9
391,toriroji,4258,DIAMOND,86,126,16,74,12.7,58.7
392,るーるな,JP1,DIAMOND,83,264,51,136,19.3,51.5
393,paku uma,3219,DIAMOND,82,111,20,68,18.0,61.3
394,44258,2215,DIAMOND,82,121,19,75,15.7,62.0
395,4cetam,JP1,DIAMOND,80,184,26,97,14.1,52.7
396,soooar,JP1,DIAMOND,75,184,21,98,11.4,53.3
397,テンパパジャマtwitch,tythx,DIAMOND,75,215,33,110,15.3,51.2
398,aaaa,1290,DIAMOND,75,220,26,114,11.8,51.8
399,吉良親貞,4803,DIAMOND,75,259,41,134,15.8,51.7
400,ぬぬぬ,1235,DIAMOND,75,133,19,84,14.3,63.2
401,もりもっこり,2525,DIAMOND,71,117,16,67,13.7,57.3
402,selfoon,2755,DIAMOND,70,119,20,69,16.8,58.0
403,くにき,92Ki,DIAMOND,65,145,25,86,17.2,59.3
404,コンセントレーション,memew,DIAMOND,65,182,17,106,9.3,58.2
405,Maybeaho,6320,DIAMOND,65,54,17,42,31.5,77.8
406,ふぃんぶる,9031,DIAMOND,64,117,17,72,14.5,61.5
407,深呼吸ボタン,JP1,DIAMOND,63,124,15,75,12.1,60.5
408,Shiras,SSR,DIAMOND,62,176,29,97,16.5,55.1
409,平成維新,JP1,DIAMOND,62,159,19,89,11.9,56.0
410,Aki,4082,DIAMOND,62,171,26,98,15.2,57.3
411,ring3,JP1,DIAMOND,61,76,15,53,19.7,69.7
412,SwithNN,ちくわ,DIAMOND,59,147,24,84,16.3,57.1
413,ringooo,JP96,DIAMOND,59,347,52,171,15.0,49.3
414,ちんもくはる,JP1,DIAMOND,58,93,19,61,20.4,65.6
415,divided by 0,0503,DIAMOND,58,174,23,99,13.2,56.9
416,Ladder Slayer,lstft,DIAMOND,57,105,27,63,25.7,60.0
417,ririhs,3119,DIAMOND,57,174,28,97,16.1,55.7
418,Roo,ooR,DIAMOND,57,159,28,87,17.6,54.7
419,R1net,JP1,DIAMOND,56,204,27,111,13.2,54.4
420,残nyoU,Zed,DIAMOND,55,228,27,126,11.8,55.3
421,DasiRBgou丶,1358,DIAMOND,54,220,21,122,9.5,55.5
422,ゆずりはもち,JP1,DIAMOND,53,193,32,102,16.6,52.8
423,onetin,JP1,DIAMOND,52,59,14,40,23.7,67.8
424,のらら,JP1,DIAMOND,52,293,38,143,13.0,48.8
425,あるふぁー,11037,DIAMOND,51,132,26,75,19.7,56.8
426,おせうゆ,0343,DIAMOND,50,186,25,105,13.4,56.5
427,meritan4,8311,DIAMOND,50,121,23,69,19.0,57.0
428,okakyh,5450,DIAMOND,48,157,17,87,10.8,55.4
429,ダイナソー竜崎,jp2,DIAMOND,46,170,24,94,14.1,55.3
430,Rou,taki,DIAMOND,46,212,19,116,9.0,54.7
431,Pear,0335,DIAMOND,46,163,20,89,12.3,54.6
432,Kyoppee,JP1,DIAMOND,45,301,35,154,11.6,51.2
433,mouldv72,5353,DIAMOND,45,199,28,111,14.1,55.8
434,SkyLinear,JPN,DIAMOND,45,290,28,148,9.7,51.0
435,tatsu1109,JP1,DIAMOND,42,188,30,105,16.0,55.9
436,あまみん,8073,DIAMOND,42,160,19,89,11.9,55.6
437,プラチナエイム,srymb,DIAMOND,42,191,33,106,17.3,55.5
438,serori2222,9227,DIAMOND,42,231,46,124,19.9,53.7
439,一旦ファームに集中,CSCS,DIAMOND,41,309,29,152,9.4,49.2
440,27axis,aabbc,DIAMOND,40,297,44,158,14.8,53.2
441,ｱﾙﾏﾄ,0808,DIAMOND,39,241,36,125,14.9,51.9
442,torippou,JP1,DIAMOND,38,194,30,105,15.5,54.1
443,Ar9uR,rrrr,DIAMOND,36,152,23,81,15.1,53.3
444,misomega,JP1,DIAMOND,35,232,30,122,12.9,52.6
445,くうしか,JP1,DIAMOND,35,271,32,147,11.8,54.2
446,RaimaruNA,1864,DIAMOND,35,212,20,119,9.4,56.1
447,5358375,2630,DIAMOND,35,204,29,113,14.2,55.4
448,一般事務アキヒコ,jmaki,DIAMOND,35,153,19,86,12.4,56.2
449,がろん,7144,DIAMOND,34,254,30,141,11.8,55.5
450,暴風竜ヴェルドラ,転スラ,DIAMOND,34,201,21,111,10.4,55.2
451,わーぶらー,tft,DIAMOND,32,140,29,79,20.7,56.4
452,黄金ユウユウ,JP1,DIAMOND,32,90,15,57,16.7,63.3
453,deu,6004,DIAMOND,32,166,19,89,11.4,53.6
454,きつねびびび,TTV,DIAMOND,32,355,46,188,13.0,53.0
455,Vna2meV,5865,DIAMOND,31,195,27,104,13.8,53.3
456,LirArne,JP1,DIAMOND,30,101,10,68,9.9,67.3
457,Goodman,7149,DIAMOND,30,196,32,109,16.3,55.6
458,Lia471,Toko,DIAMOND,29,261,31,140,11.9,53.6
459,hase3,gawa3,DIAMOND,28,169,14,97,8.3,57.4
460,れっさーくん,もふもふ,DIAMOND,27,86,15,53,17.4,61.6
461,Yozakuramint,4030,DIAMOND,26,93,15,55,16.1,59.1
462,Freiheit,000,DIAMOND,26,112,24,66,21.4,58.9
463,m4ech,JP1,DIAMOND,25,146,27,84,18.5,57.5
464,ユキユキの実,00116,DIAMOND,25,164,23,91,14.0,55.5
465,まきにゃん,JP1,DIAMOND,24,171,35,90,20.5,52.6
466,ればぶる,394,DIAMOND,24,302,43,157,14.2,52.0
467,con,JP1,DIAMOND,23,109,18,66,16.5,60.6
468,whochiya,who,DIAMOND,21,147,26,79,17.7,53.7
469,がんばります,4959,DIAMOND,21,140,25,78,17.9,55.7
470,Moochan,2212,DIAMOND,20,104,13,67,12.5,64.4
471,Yog Sothoth,JP1,DIAMOND,18,164,19,91,11.6,55.5
472,きののきのこ,4649,DIAMOND,18,239,28,121,11.7,50.6
473,Gamingori1la,JP1,DIAMOND,18,211,24,119,11.4,56.4
474,Naganadel,111,DIAMOND,17,210,36,115,17.1,54.8
475,りっぱー,9030,DIAMOND,15,142,23,81,16.2,57.0
476,Niu,9956,DIAMOND,15,138,20,78,14.5,56.5
477,PM02 00,0226,DIAMOND,15,150,21,88,14.0,58.7
478,hilcrhymeyukino ,JP1,DIAMOND,14,82,13,54,15.9,65.9
479,杣人だけど,21759,DIAMOND,13,78,15,54,19.2,69.2
480,eve,ˇˉˇ,DIAMOND,12,235,25,119,10.6,50.6
481,Nusaaan,JP1,DIAMOND,10,296,44,150,14.9,50.7
482,enisuke,JP1,DIAMOND,10,109,13,68,11.9,62.4
483,ラーメン二郎生田駅前店,123,DIAMOND,9,119,25,65,21.0,54.6
484,Dry331,5571,DIAMOND,9,229,41,116,17.9,50.7
485,INTJ,111,DIAMOND,9,131,29,72,22.1,55.0
486,JINBEIesc,JNB,DIAMOND,7,127,12,76,9.4,59.8
487,Kenta,JPJP,DIAMOND,5,196,18,115,9.2,58.7
488,mooooma,JP1,DIAMOND,4,165,17,96,10.3,58.2
489,偵察なし変更なし,777,DIAMOND,4,140,24,79,17.1,56.4
490,renbin3,JP1,DIAMOND,3,104,28,59,26.9,56.7
491,reinyourheart,dog,DIAMOND,2,88,20,52,22.7,59.1
492,TYPE,LoLo,DIAMOND,2,249,37,134,14.9,53.8
493,boylen,JP1,DIAMOND,1,89,16,57,18.0,64.0
494,chantama,JP1,DIAMOND,1,63,20,42,31.7,66.7
495,SpringStafy,SP1,DIAMOND,1,238,20,128,8.4,53.8
496,iroha,JP1,DIAMOND,1,179,25,102,14.0,57.0
497,Mogura5,oooo,DIAMOND,1,166,32,92,19.3,55.4
498,Syzygy,SSS,DIAMOND,0,119,18,75,15.1,63.0
499,keiio,JP1,DIAMOND,0,187,30,96,16.0,51.3
500,BINGO,2028,DIAMOND,0,215,30,111,14.0,51.6
501,いえてぃ,7559,DIAMOND,0,192,29,102,15.1,53.1
502,さすがしゅう,JP1,DIAMOND,0,316,45,161,14.2,50.9
503,rdsp,0000,DIAMOND,0,274,48,146,17.5,53.3
504,VNduc01aa,JP1,DIAMOND,0,370,69,181,18.6,48.9
505,AFO,723,DIAMOND,0,262,35,144,13.4,55.0
506,約束は思い出の栞,0ω0bb,DIAMOND,0,305,39,159,12.8,52.1
507,刹那の刃,xxx,DIAMOND,0,108,24,62,22.2,57.4
508,mohinori,JP1,DIAMOND,0,170,21,92,12.4,54.1
509,azacc84,azacc,DIAMOND,0,239,46,123,19.2,51.5
510,apeiria,001,DIAMOND,0,152,32,82,21.1,53.9
511,gjk,1992,DIAMOND,0,125,18,74,14.4,59.2
512,biwaevk,19379,DIAMOND,0,318,31,168,9.7,52.8
513,WaystLand,030,DIAMOND,0,168,17,93,10.1,55.4
514,怪盗ミルク,9841,DIAMOND,0,213,24,110,11.3,51.6
515,SET16,やりたい,DIAMOND,0,254,35,125,13.8,49.2
516,suzukinosashimi,3433,DIAMOND,0,278,38,151,13.7,54.3
517,uii,2099,DIAMOND,0,338,54,172,16.0,50.9
518,ブルドーザー2号,1092,DIAMOND,99,73,16,49,21.9,67.1
519,Fjmo,JP1,DIAMOND,98,185,15,106,8.1,57.3
520,kumasi,904,DIAMOND,97,142,16,80,11.3,56.3
521,Ethan Hunt,9313,DIAMOND,95,169,20,89,11.8,52.7
522,魂のYi OTPぺぺ,2380,DIAMOND,95,195,33,103,16.9,52.8
523,kato,12345,DIAMOND,93,174,32,91,18.4,52.3
524,culul,JP234,DIAMOND,92,83,16,54,19.3,65.1
525,alessiy,7080,DIAMOND,92,136,22,73,16.2,53.7
526,satian,JP1,DIAMOND,87,132,24,73,18.2,55.3
527,K  mino,JP1,DIAMOND,87,187,36,94,19.3,50.3
528,Ajuna,JP1,DIAMOND,86,160,22,85,13.8,53.1
529,nono22,JP1,DIAMOND,85,201,27,102,13.4,50.7
530,GUTS,1109,DIAMOND,85,152,18,84,11.8,55.3
531,akali,qoqo,DIAMOND,85,107,12,69,11.2,64.5
532,GOGIGAGAGIGO,100,DIAMOND,85,155,25,84,16.1,54.2
533,oitawoxic,cs2,DIAMOND,84,179,18,95,10.1,53.1
534,xydll,9030,DIAMOND,84,112,19,68,17.0,60.7
535,ふとし,1577,DIAMOND,84,135,19,80,14.1,59.3
536,the frog,JP1,DIAMOND,81,235,40,118,17.0,50.2
537,muscat,7053,DIAMOND,81,150,18,84,12.0,56.0
538,ルルーシュ,1256,DIAMOND,79,126,15,73,11.9,57.9
539,りゅう,3369,DIAMOND,76,223,16,119,7.2,53.4
540,unhealthy,JP1,DIAMOND,75,157,25,88,15.9,56.1
541,ΟωΟ,ΟwΟ,DIAMOND,75,158,27,82,17.1,51.9
542,ミハイルベッケンバウアー,MFG,DIAMOND,75,255,27,133,10.6,52.2
543,skule,JP1,DIAMOND,75,89,19,56,21.3,62.9
544,BellWhiteJP,JP1,DIAMOND,75,157,27,81,17.2,51.6
545,ゴブリン突撃取材,007,DIAMOND,75,329,32,167,9.7,50.8
546,keizo3568,JP1,DIAMOND,75,429,57,212,13.3,49.4
547,RootlessCreature,2489,DIAMOND,75,127,17,70,13.4,55.1
548,Squxt,777,DIAMOND,75,335,33,174,9.9,51.9
549,はりーお,0601,DIAMOND,75,117,24,68,20.5,58.1
550,shiromartie,6358,DIAMOND,75,170,24,95,14.1,55.9
551,Tower of Fantasy,JP1,DIAMOND,73,119,19,70,16.0,58.8
552,COTTON BEANIE,12345,DIAMOND,72,140,26,75,18.6,53.6
553,ktia,42953,DIAMOND,71,176,36,97,20.5,55.1
554,tintiranokota,44MAI,DIAMOND,68,190,21,103,11.1,54.2
555,イムホテンツ,JP1,DIAMOND,68,193,26,100,13.5,51.8
556,aftertoilet,3297,DIAMOND,68,252,40,127,15.9,50.4
557,spica,neko,DIAMOND,68,175,22,94,12.6,53.7
558,dayona,JP1,DIAMOND,67,264,38,128,14.4,48.5
559,Cunego22,Cng22,DIAMOND,66,167,22,89,13.2,53.3
560,まとも,JP1,DIAMOND,65,132,22,76,16.7,57.6
561,めぐみん,JP1,DIAMOND,65,121,29,65,24.0,53.7
562,hinotaro,7691,DIAMOND,62,274,33,141,12.0,51.5
563,arnim,322,DIAMOND,62,188,18,107,9.6,56.9
564,Izu,4272,DIAMOND,61,72,18,46,25.0,63.9
565,chees,JP1,DIAMOND,60,129,17,76,13.2,58.9
566,まちゃ虎,2385,DIAMOND,60,279,38,145,13.6,52.0
567,Dynoboy,4219,DIAMOND,59,352,38,160,10.8,45.5
568,kiki5963,8304,DIAMOND,57,168,21,93,12.5,55.4
569,MAHAHA,GOD,DIAMOND,56,126,16,76,12.7,60.3
570,dekadeka,JP1,DIAMOND,56,166,27,87,16.3,52.4
571,AVAからきますた,1080,DIAMOND,56,70,16,47,22.9,67.1
572,grycia,3405,DIAMOND,55,197,19,110,9.6,55.8
573,Sen siege,4016,DIAMOND,53,108,10,67,9.3,62.0
574,zero12ax,2432,DIAMOND,53,368,35,187,9.5,50.8
575,ジークホーク,1345,DIAMOND,52,97,10,61,10.3,62.9
576,poponotan3,2469,DIAMOND,52,103,16,63,15.5,61.2
577,MID GAME,2451,DIAMOND,52,230,64,116,27.8,50.4
578,Avalon le Fae,奈落の虫,DIAMOND,51,169,25,88,14.8,52.1
579,쿠로키,0000,DIAMOND,51,95,21,56,22.1,58.9
580,StylishJun,POGO,DIAMOND,50,95,19,60,20.0,63.2
581,奏バーデン由布院,温泉娘,DIAMOND,50,258,28,141,10.9,54.7
582,sugAA,666,DIAMOND,49,201,24,106,11.9,52.7
583,がりお0120,0120,DIAMOND,49,161,31,86,19.3,53.4
584,10Pacts AscienTe,JP1,DIAMOND,48,352,43,182,12.2,51.7
585,Deltacape,2370,DIAMOND,48,119,27,67,22.7,56.3
586,地獄送りの刃,JP1,DIAMOND,48,108,20,65,18.5,60.2
587,kakeru3,JP1,DIAMOND,48,178,20,94,11.2,52.8
588,Goya,508,DIAMOND,47,82,20,51,24.4,62.2
589,やけんモテんと思う,VD30,DIAMOND,47,237,24,119,10.1,50.2
590,害獣あらいぐま,JP1,DIAMOND,46,160,21,92,13.1,57.5
591,xin1lântôp1,JP1,DIAMOND,46,273,33,138,12.1,50.5
592,Sh4kugan,JP1,DIAMOND,46,78,12,53,15.4,67.9
593,tsuyuki,7140,DIAMOND,46,181,39,90,21.5,49.7
594,mimidayo,aaa,DIAMOND,46,135,14,76,10.4,56.3
595,Jackn,JP1,DIAMOND,45,214,29,110,13.6,51.4
596,zaru,7376,DIAMOND,45,131,15,73,11.5,55.7
597,zitan148,JP1,DIAMOND,45,152,23,84,15.1,55.3
598,mustan2123,JP1,DIAMOND,44,281,40,143,14.2,50.9
599,GuiltyParties,0000,DIAMOND,44,139,24,75,17.3,54.0
600,うに軍さん大好きです,uni,DIAMOND,43,178,19,96,10.7,53.9
601,LuluC,Night,DIAMOND,43,259,27,132,10.4,51.0
602,ToySchory,JP1,DIAMOND,42,114,19,72,16.7,63.2
603,かるそだ,karu,DIAMOND,42,203,25,107,12.3,52.7
604,貴婦Ai,貴婦Ai,DIAMOND,42,100,15,60,15.0,60.0
605,RAIdq6,JP1,DIAMOND,42,160,25,77,15.6,48.1
606,ヴルル,8686,DIAMOND,42,81,17,50,21.0,61.7
607,kawakawa,3644,DIAMOND,42,179,29,95,16.2,53.1
608,onbui,8228,DIAMOND,42,164,17,90,10.4,54.9
609,超弩級砲塔列車グスタフマックス,10x2,DIAMOND,42,258,26,142,10.1,55.0
610,AyameFuu,JP1,DIAMOND,41,151,22,75,14.6,49.7
611,GlanzRisin,Risin,DIAMOND,41,111,12,66,10.8,59.5
612,死神の使い,JP2,DIAMOND,40,165,25,100,15.2,60.6
613,akyo01,JP1,DIAMOND,40,111,24,68,21.6,61.3
614,ニャンちゅう,4379,DIAMOND,40,229,34,122,14.8,53.3
615,myonmyon,2529,DIAMOND,40,186,21,104,11.3,55.9
616,賭博のトナーリ,NEW,DIAMOND,39,207,26,113,12.6,54.6
617,Utatomo,7266,DIAMOND,39,129,17,71,13.2,55.0
618,marimama,9855,DIAMOND,38,178,22,101,12.4,56.7
619,b1bao,JP1,DIAMOND,37,73,17,43,23.3,58.9
620,ぱにー,chuuu,DIAMOND,37,151,30,85,19.9,56.3
621,mAvs,4690,DIAMOND,36,168,21,97,12.5,57.7
622,osamu0114,JP1,DIAMOND,36,159,18,85,11.3,53.5
623,いちのせくん,JP1,DIAMOND,35,133,22,75,16.5,56.4
624,Deep Purple,888,DIAMOND,34,57,14,42,24.6,73.7
625,王 剣,botrk,DIAMOND,34,229,27,126,11.8,55.0
626,NjItachi,JP1,DIAMOND,34,181,23,98,12.7,54.1
627,grand menteur,JP1,DIAMOND,33,206,23,117,11.2,56.8
628,Rocket,3200,DIAMOND,32,134,13,80,9.7,59.7
629,慎独C,7701,DIAMOND,32,141,29,73,20.6,51.8
630,イチゴ姫,ぷにぷに,DIAMOND,32,110,21,62,19.1,56.4
631,ワンリキ,JP1,DIAMOND,31,198,23,109,11.6,55.1
632,H49b,6013,DIAMOND,31,170,18,96,10.6,56.5
633,superfly,oio,DIAMOND,31,185,22,108,11.9,58.4
634,タイガー桜井たん,0000,DIAMOND,29,142,22,75,15.5,52.8
635,TOROROToT,2400,DIAMOND,29,122,20,67,16.4,54.9
636,炼天魔尊,风天语,DIAMOND,29,142,22,73,15.5,51.4
637,タコピー,030,DIAMOND,28,273,43,139,15.8,50.9
638,八咫烏,711,DIAMOND,28,87,15,52,17.2,59.8
639,xprt,두근두근,DIAMOND,28,253,23,139,9.1,54.9
640,yasuiro,9966,DIAMOND,27,97,16,60,16.5,61.9
641,がばたん,0608,DIAMOND,27,109,18,62,16.5,56.9
642,yuzix,0000,DIAMOND,26,101,13,61,12.9,60.4
643,Riri,kang,DIAMOND,26,97,20,56,20.6,57.7
644,ソリアゲドォォォン,072,DIAMOND,26,70,17,46,24.3,65.7
645,Raamll,8701,DIAMOND,26,108,18,60,16.7,55.6
646,tuttu,JP1,DIAMOND,25,187,24,95,12.8,50.8
647,player02,2712,DIAMOND,25,372,49,189,13.2,50.8
648,Danni,4542,DIAMOND,25,134,24,76,17.9,56.7
649,KOYOMIsan,6782,DIAMOND,25,133,27,71,20.3,53.4
650,syonenK,4279,DIAMOND,24,186,29,94,15.6,50.5
651,おたな,otana,DIAMOND,23,89,15,53,16.9,59.6
652,n0suke,1468,DIAMOND,23,169,20,90,11.8,53.3
653,WhoBlie,JP1,DIAMOND,22,110,22,69,20.0,62.7
654,WEC t4ct,baka,DIAMOND,22,181,41,93,22.7,51.4
655,rossi,JP1,DIAMOND,21,188,29,96,15.4,51.1
656,Sakuramoti,0730,DIAMOND,21,97,15,59,15.5,60.8
657,アルミホイル巻け,GGGGG,DIAMOND,21,421,48,206,11.4,48.9
658,横山mid莉,暗黒ルール,DIAMOND,21,142,22,81,15.5,57.0
659,D3LcE,JP1,DIAMOND,20,118,25,67,21.2,56.8
660,Matz,2139,DIAMOND,20,176,26,92,14.8,52.3
661,真V5ゴット改,JP1,DIAMOND,20,150,27,79,18.0,52.7
662,PunZ,1114,DIAMOND,20,174,23,91,13.2,52.3
663,Hà Thu Hiềnnnnnn,2401,DIAMOND,19,137,33,75,24.1,54.7
664,HieuBell,JP1,DIAMOND,19,258,26,137,10.1,53.1
665,童園レオン,6242,DIAMOND,19,138,21,78,15.2,56.5
666,ザリガニ大会,50077,DIAMOND,18,159,17,87,10.7,54.7
667,ゲンガー,9318,DIAMOND,18,181,25,95,13.8,52.5
668,kimi1211,JP1,DIAMOND,17,103,20,58,19.4,56.3
669,Sekiro52,JP1,DIAMOND,17,56,12,39,21.4,69.6
670,Yositoi,UNDK,DIAMOND,16,173,26,92,15.0,53.2
671,penguinman,0914,DIAMOND,16,104,18,59,17.3,56.7
672,レーズンブレッド,1712,DIAMOND,16,182,27,92,14.8,50.5
673,ILLIT사랑해,A4xf,DIAMOND,15,116,17,70,14.7,60.3
674,dotter,JP1,DIAMOND,14,195,21,107,10.8,54.9
675,けつがむ,JP1,DIAMOND,12,148,24,76,16.2,51.4
676,にわカモ,0519,DIAMOND,12,95,15,59,15.8,62.1
677,shuri,9017,DIAMOND,12,207,13,118,6.3,57.0
678,はいにゅー,hinew,DIAMOND,11,157,21,89,13.4,56.7
679,キクノジョー,JP1,DIAMOND,10,155,20,89,12.9,57.4
680,イラカ,JP1,DIAMOND,10,181,16,99,8.8,54.7
681,やまもとたかふみ,1111,DIAMOND,10,131,15,76,11.5,58.0
682,HAGIMA,JP1,DIAMOND,10,127,17,72,13.4,56.7
683,Laxyua,JP1,DIAMOND,10,148,24,81,16.2,54.7
684,MamedaMendel,JP1,DIAMOND,10,390,42,196,10.8,50.3
685,0c0,4690,DIAMOND,10,114,17,60,14.9,52.6
686,Bot171120,JP1,DIAMOND,10,128,22,70,17.2,54.7
687,0inko0,JP1,DIAMOND,10,64,15,42,23.4,65.6
688,haihoi,4679,DIAMOND,10,251,51,128,20.3,51.0
689,nonirun,7315,DIAMOND,10,101,19,59,18.8,58.4
690,xell,2041,DIAMOND,10,92,20,55,21.7,59.8
691,Se7,1068,DIAMOND,10,175,24,97,13.7,55.4
692,AirOx,5796,DIAMOND,10,325,35,170,10.8,52.3
693,rechimaru,JP1,DIAMOND,9,265,37,132,14.0,49.8
694,りーの,0102,DIAMOND,9,167,19,92,11.4,55.1
695,せしか,4281,DIAMOND,8,90,15,53,16.7,58.9
696,deadeyeover,JP1,DIAMOND,7,420,44,209,10.5,49.8
697,ゴニョニョの杞憂,JP1,DIAMOND,7,151,25,82,16.6,54.3
698,Iolite,2485,DIAMOND,6,127,20,74,15.7,58.3
699,SariEr1,JP1,DIAMOND,6,132,27,74,20.5,56.1
700,ゆきのふ,JP1,DIAMOND,6,146,23,79,15.8,54.1
701,神楽鈴,qqq,DIAMOND,6,179,20,97,11.2,54.2
702,しいたけ,24896,DIAMOND,6,99,15,58,15.2,58.6
703,おぱんちゅうなぎ,08282,DIAMOND,6,233,28,127,12.0,54.5
704,めぐる,yuzu,DIAMOND,5,171,37,90,21.6,52.6
705,yuriman794,JP1,DIAMOND,5,175,30,92,17.1,52.6
706,katanasi,JP1,DIAMOND,4,71,16,46,22.5,64.8
707,latatatamu,JP1,DIAMOND,4,167,26,89,15.6,53.3
708,SEAAUK,4649,DIAMOND,4,286,43,150,15.0,52.4
709,LEK,5465,DIAMOND,3,124,24,67,19.4,54.0
710,DELUTAYA,keroo,DIAMOND,3,221,22,118,10.0,53.4
711,takashi,7089,DIAMOND,2,134,20,71,14.9,53.0
712,kamisato,3320,DIAMOND,2,131,18,71,13.7,54.2
713,アキイクＳ,JP1,DIAMOND,1,237,25,130,10.5,54.9
714,mito,0504,DIAMOND,1,139,20,75,14.4,54.0
715,EDG Rore,0000,DIAMOND,1,147,21,77,14.3,52.4
716,CHAOKUS,ch40,DIAMOND,1,109,24,63,22.0,57.8
717,nano crown,JP1,DIAMOND,0,407,45,203,11.1,49.9
718,cøcø,kage,DIAMOND,0,153,20,84,13.1,54.9
719,piroru,JP1,DIAMOND,0,122,18,71,14.8,58.2
720,LisBot,JP1,DIAMOND,0,259,34,135,13.1,52.1
721,ぼんさい,JP1,DIAMOND,0,94,13,54,13.8,57.4
722,siva fes,JP1,DIAMOND,0,230,27,123,11.7,53.5
723,新風みこ,JP1,DIAMOND,0,215,25,115,11.6,53.5
724,uruxu,JP1,DIAMOND,0,174,20,98,11.5,56.3
725,ノーチラス号,JP1,DIAMOND,0,232,30,124,12.9,53.4
726,らすかる,JP1,DIAMOND,0,158,23,85,14.6,53.8
727,accele0610,JP1,DIAMOND,0,287,29,156,10.1,54.4
728,Ryehl,JP1,DIAMOND,0,112,18,62,16.1,55.4
729,west,2544,DIAMOND,0,191,24,100,12.6,52.4
730,いおり,9531,DIAMOND,0,59,13,39,22.0,66.1
731,スーパーキラーマシン,37564,DIAMOND,0,163,31,85,19.0,52.1
732,まーちゃんごめんね,029,DIAMOND,0,162,15,93,9.3,57.4
733,punyo chang,5358,DIAMOND,0,285,57,134,20.0,47.0
734,OtyArcane,Dusk,DIAMOND,0,99,25,61,25.3,61.6
735,easty,1317,DIAMOND,0,79,10,52,12.7,65.8
736,barobarobaro,JP1,DIAMOND,0,73,17,46,23.3,63.0
737,Naru,7720,DIAMOND,0,252,32,121,12.7,48.0
738,EggCafe manager,cappy,DIAMOND,0,77,17,48,22.1,62.3
739,wobihuihuang,3390,DIAMOND,0,148,22,79,14.9,53.4
740,Juka,5155,DIAMOND,0,112,12,66,10.7,58.9
741,店長Killa,coco,DIAMOND,0,76,18,52,23.7,68.4
742,doravida,6332,DIAMOND,0,102,15,63,14.7,61.8
743,kuryudo,0921,DIAMOND,0,118,19,66,16.1,55.9
744,さかけば,8270,DIAMOND,0,244,23,120,9.4,49.2
745,アニー,6074,DIAMOND,0,46,15,34,32.6,73.9
746,SugarCraft,7313,DIAMOND,0,162,21,94,13.0,58.0
747,sat51,0000,DIAMOND,0,164,15,86,9.1,52.4
748,stare in wonder,JP0,DIAMOND,0,183,21,102,11.5,55.7
749,ざぶざぶサメくん,0803,DIAMOND,0,333,59,160,17.7,48.0
750,Q1N,ggez,DIAMOND,0,104,20,60,19.2,57.7
751,tuna,BBB0,DIAMOND,0,130,14,74,10.8,56.9
752,混一色コンサルタント,0112,DIAMOND,0,261,26,135,10.0,51.7
753,u1lawlaw,6616,DIAMOND,0,359,38,182,10.6,50.7
754,イラオ,IRAO,DIAMOND,0,109,10,66,9.2,60.6
755,8nbaru917,727,DIAMOND,0,182,28,93,15.4,51.1
756,zeruko1,3175,DIAMOND,99,178,22,94,12.4,52.8
757,takitaki,5586,DIAMOND,99,53,16,36,30.2,67.9
758,三文小説,JP1,DIAMOND,98,89,21,51,23.6,57.3
759,黒白赤青,JP1,DIAMOND,97,182,13,99,7.1,54.4
760,Avidare,Avi,DIAMOND,96,149,18,82,12.1,55.0
761,まにゃ,ぱんだ,DIAMOND,96,156,25,81,16.0,51.9
762,cotocotoji,JP1,DIAMOND,95,247,41,131,16.6,53.0
763,でかまみ将軍,DEKA,DIAMOND,94,129,18,77,14.0,59.7
764,さくさくぱんだ,0117,DIAMOND,94,73,13,45,17.8,61.6
765,SonTK,JP1,DIAMOND,93,147,15,81,10.2,55.1
766,nyannntaro,foxy,DIAMOND,93,124,18,71,14.5,57.3
767,chat fighter,SUP,DIAMOND,92,135,23,81,17.0,60.0
768,shuchaka,凡人故孤独,DIAMOND,91,169,27,90,16.0,53.3
769,hibira,0625,DIAMOND,91,97,15,58,15.5,59.8
770,teyande,000,DIAMOND,91,119,23,68,19.3,57.1
771,艦これいかちゃん,JP1,DIAMOND,90,266,60,125,22.6,47.0
772,ぽてとグラタン,JP1,DIAMOND,90,365,52,188,14.2,51.5
773,necon,JP1,DIAMOND,89,119,19,74,16.0,62.2
774,Hello Bot,JP1,DIAMOND,88,130,19,72,14.6,55.4
775,jaamo ja,123,DIAMOND,88,107,18,65,16.8,60.7
776,nonoji,JP1,DIAMOND,86,122,17,68,13.9,55.7
777,minoritz,JP1,DIAMOND,85,121,22,71,18.2,58.7
778,riceTFT,rice,DIAMOND,85,185,25,97,13.5,52.4
779,yeechangg,2922,DIAMOND,84,124,17,70,13.7,56.5
780,lcr,0000,DIAMOND,83,96,18,58,18.8,60.4
781,許してクレメンス,4554,DIAMOND,83,243,35,129,14.4,53.1
782,Illmatic,3251,DIAMOND,82,130,21,72,16.2,55.4
783,おじたんたん,5313,DIAMOND,81,149,27,79,18.1,53.0
784,ななな,2215,DIAMOND,81,285,32,145,11.2,50.9
785,ネコスキー,meow,DIAMOND,79,124,15,70,12.1,56.5
786,右手に宿いし漆黒のカルマ,xネ申x,DIAMOND,79,100,20,53,20.0,53.0
787,焼肉ブリンガー,0001,DIAMOND,79,160,26,83,16.2,51.9
788,Vua Xếp Cờ,JP199,DIAMOND,78,235,35,123,14.9,52.3
789,Éponine,铃 兰,DIAMOND,77,272,49,130,18.0,47.8
790,camelll,4771,DIAMOND,76,179,22,97,12.3,54.2
791,detteiusyousa,JP1,DIAMOND,75,134,20,74,14.9,55.2
792,Mera,JP1,DIAMOND,75,101,11,61,10.9,60.4
793,Baimerdinger,HT910,DIAMOND,75,195,33,100,16.9,51.3
794,farasy,JP1,DIAMOND,75,237,19,131,8.0,55.3
795,babolat,JP1,DIAMOND,75,219,29,116,13.2,53.0
796,ababc,JP1,DIAMOND,75,133,14,76,10.5,57.1
797,クレム,JP1,DIAMOND,75,134,28,73,20.9,54.5
798,rrr,XOXG,DIAMOND,75,111,14,69,12.6,62.2
799,Yamako,JP1,DIAMOND,75,121,21,67,17.4,55.4
800,dynasty,0601,DIAMOND,75,126,19,69,15.1,54.8
801,Gakku892000,JP1,DIAMOND,75,112,16,62,14.3,55.4
802,むんっ,jp19,DIAMOND,75,249,26,129,10.4,51.8
803,DJmaru,3520,DIAMOND,75,100,19,57,19.0,57.0
804,untai,hap,DIAMOND,75,179,23,98,12.8,54.7
805,soota,6512,DIAMOND,75,168,31,89,18.5,53.0
806,straycat,5264,DIAMOND,74,126,10,70,7.9,55.6
807,DFM 阿部,JP1,DIAMOND,73,142,14,82,9.9,57.7
808,クリリンJr,8740,DIAMOND,73,99,21,53,21.2,53.5
809,かいたくみん,2525,DIAMOND,73,180,18,101,10.0,56.1
810,鬱田ぺこら,鬱です,DIAMOND,72,261,35,130,13.4,49.8
811,kotoe1206,0714,DIAMOND,70,113,17,62,15.0,54.9
812,petrichor,lll,DIAMOND,70,135,15,80,11.1,59.3
813,aok,JP1,DIAMOND,69,62,18,43,29.0,69.4
814,spica,1112,DIAMOND,69,115,13,70,11.3,60.9
815,hakachi,0904,DIAMOND,69,247,35,129,14.2,52.2
816,Mrキシドー,JP1,DIAMOND,68,105,23,60,21.9,57.1
817,0v0,5416,DIAMOND,68,156,26,83,16.7,53.2
818,luckさん,JP1,DIAMOND,67,147,22,77,15.0,52.4
819,おとふんふん,JP1,DIAMOND,67,152,29,81,19.1,53.3
820,ERA,URGOT,DIAMOND,66,107,10,62,9.3,57.9
821,ますにゃ,JP1,DIAMOND,65,370,45,186,12.2,50.3
822,しげおじ,JP1,DIAMOND,65,172,24,91,14.0,52.9
823,sou1224,JP1,DIAMOND,65,161,20,85,12.4,52.8
824,50kchan,JP1,DIAMOND,65,89,14,57,15.7,64.0
825,002,8842,DIAMOND,65,191,27,96,14.1,50.3
826,而你总是太晚明白,1314,DIAMOND,65,115,22,61,19.1,53.0
827,rister,gomii,DIAMOND,65,185,21,100,11.4,54.1
828,yaman9,JP1,DIAMOND,64,189,29,97,15.3,51.3
829,Ac4 cross,1031,DIAMOND,64,159,23,87,14.5,54.7
830,スカイボーンメリスマ,26342,DIAMOND,64,183,34,89,18.6,48.6
831,まんじさん,8019,DIAMOND,64,82,16,47,19.5,57.3
832,BIGM,2661,DIAMOND,63,76,17,46,22.4,60.5
833,てんとうむし,104,DIAMOND,62,76,14,48,18.4,63.2
834,umayuma,JP1,DIAMOND,62,64,12,41,18.8,64.1
835,あきらめない心,JP1,DIAMOND,62,185,24,101,13.0,54.6
836,リョウ,1PJ,DIAMOND,61,137,20,78,14.6,56.9
837,mitta,mhm,DIAMOND,61,149,25,83,16.8,55.7
838,squalo,0325,DIAMOND,60,99,22,54,22.2,54.5
839,MAD REAL SION,FAKE,DIAMOND,60,81,10,54,12.3,66.7
840,ここちい,moc,DIAMOND,59,412,57,197,13.8,47.8
841,goo,9424,DIAMOND,59,107,25,62,23.4,57.9
842,Kami,128,DIAMOND,58,104,15,64,14.4,61.5
843,suraimu,2500,DIAMOND,58,202,33,99,16.3,49.0
844,gegege,3095,DIAMOND,57,58,12,39,20.7,67.2
845,hipopopo,JP1,DIAMOND,56,189,19,105,10.1,55.6
846,宮本むなし,1087,DIAMOND,56,156,21,86,13.5,55.1
847,KatahabaGiGAO,6375,DIAMOND,56,99,19,58,19.2,58.6
848,Meteora,3002,DIAMOND,56,103,16,62,15.5,60.2
849,黒縄天譴明王,7199,DIAMOND,56,219,23,119,10.5,54.3
850,ミズキ,JP1,DIAMOND,55,108,16,61,14.8,56.5
851,watchhhhhh,JP1,DIAMOND,55,55,9,40,16.4,72.7
852,itachi,0791,DIAMOND,55,158,27,86,17.1,54.4
853,鳥羽玉,JP1,DIAMOND,55,113,12,62,10.6,54.9
854,tochiri,2222,DIAMOND,55,275,37,146,13.5,53.1
855,QuietMan,JP1,DIAMOND,55,239,20,124,8.4,51.9
856,츠보이,日本人,DIAMOND,55,102,22,61,21.6,59.8
857,うかんむり,jpg,DIAMOND,55,143,25,72,17.5,50.3
858,tantla2,2975,DIAMOND,55,213,27,114,12.7,53.5
859,Na7tuki,3882,DIAMOND,55,120,24,67,20.0,55.8
860,washi5551,5551,DIAMOND,55,108,16,63,14.8,58.3
861,nnn,gggg,DIAMOND,55,312,21,160,6.7,51.3
862,Crusch3,JP1,DIAMOND,54,213,27,111,12.7,52.1
863,Itoke,8856,DIAMOND,54,161,23,80,14.3,49.7
864,APACの龍,JPGOD,DIAMOND,54,174,15,96,8.6,55.2
865,Emawort,EMA,DIAMOND,54,180,21,106,11.7,58.9
866,まぐろばやし,JP1,DIAMOND,53,295,23,155,7.8,52.5
867,ネネンネ,JP1,DIAMOND,53,142,13,83,9.2,58.5
868,Mikoto,3198,DIAMOND,53,263,21,137,8.0,52.1
869,Nono,anAm,DIAMOND,53,134,24,79,17.9,59.0
870,vault39,JP1,DIAMOND,52,104,16,63,15.4,60.6
871,Liberty Island,GAEUL,DIAMOND,52,75,18,44,24.0,58.7
872,けんくろ,JP1,DIAMOND,52,104,27,64,26.0,61.5
873,maminato,2525,DIAMOND,52,95,13,60,13.7,63.2
874,nyati39,5356,DIAMOND,52,145,24,78,16.6,53.8
875,チョコレイト,JP1,DIAMOND,51,96,18,58,18.8,60.4
876,にゃんだ,おすし,DIAMOND,51,110,21,60,19.1,54.5
877,二十億光年の孤独,1952,DIAMOND,51,156,26,90,16.7,57.7
878,ケンタ兄貴,無双ちゅ,DIAMOND,51,133,25,78,18.8,58.6
879,torimu,JP1,DIAMOND,50,81,16,49,19.8,60.5
880,qwee,5545,DIAMOND,50,54,12,38,22.2,70.4
881,AzukinTV,2878,DIAMOND,50,68,19,39,27.9,57.4
882,incphys,vwvw,DIAMOND,50,160,21,89,13.1,55.6
883,1E0,2190,DIAMOND,50,215,32,111,14.9,51.6
884,ほえええ,JP1,DIAMOND,49,111,20,63,18.0,56.8
885,monoboo218,JP1,DIAMOND,49,214,32,104,15.0,48.6
886,uuuuttttdddd,12345,DIAMOND,49,124,20,74,16.1,59.7
887,メタるスライム,TFT,DIAMOND,49,140,18,82,12.9,58.6
888,RUDK,JP1,DIAMOND,49,191,22,107,11.5,56.0
889,PandaSakusaku,Panda,DIAMOND,49,152,22,78,14.5,51.3
890,あずまり,7877,DIAMOND,49,216,24,110,11.1,50.9
891,qackteed,vct,DIAMOND,49,172,20,93,11.6,54.1
892,tuttiii,tft,DIAMOND,49,194,22,105,11.3,54.1
893,チャン  クオック チュン,61364,DIAMOND,49,164,28,86,17.1,52.4
894,origici,3274,DIAMOND,49,127,15,78,11.8,61.4
895,自認たぬきち,だなも,DIAMOND,49,115,21,63,18.3,54.8
896,xeltic,JP1,DIAMOND,48,188,25,97,13.3,51.6
897,ralyai,QF10,DIAMOND,48,61,13,41,21.3,67.2
898,kumaxx18,XoX,DIAMOND,48,205,33,113,16.1,55.1
899,inomosi,0909,DIAMOND,48,331,68,166,20.5,50.2
900,にわかの人,JP1,DIAMOND,47,102,17,53,16.7,52.0
901,B5listener,JP1,DIAMOND,47,83,18,50,21.7,60.2
902,0v0,ぴこぴこ,DIAMOND,47,147,18,78,12.2,53.1
903,いしかわまさき,1111,DIAMOND,47,243,30,120,12.3,49.4
904,farand,JP1,DIAMOND,46,140,26,81,18.6,57.9
905,煌めくパンジーs,kira,DIAMOND,46,191,30,104,15.7,54.5
906,shokupan,2243,DIAMOND,46,129,12,72,9.3,55.8
907,RyuKirino,krn,DIAMOND,46,179,23,95,12.8,53.1
908,RYU,5151,DIAMOND,46,159,26,85,16.4,53.5
909,Ai no karesi,4461,DIAMOND,46,187,32,96,17.1,51.3
910,Ventriloquism,QUIST,DIAMOND,46,241,33,122,13.7,50.6
911,Ryona,JP1,DIAMOND,44,211,39,113,18.5,53.6
912,twilightjemut,JP1,DIAMOND,44,227,25,121,11.0,53.3
913,cooldude,7067,DIAMOND,44,127,23,78,18.1,61.4
914,100gぱんちゃー,5745,DIAMOND,44,130,16,77,12.3,59.2
915,チンマリ,2810,DIAMOND,44,220,29,110,13.2,50.0
916,飲み水盗みミミズク,Otani,DIAMOND,44,71,14,47,19.7,66.2
917,MuscleAim,1717,DIAMOND,44,138,27,81,19.6,58.7
918,shiro116,4116,DIAMOND,44,144,21,74,14.6,51.4
919,ruki4869,1179,DIAMOND,44,123,17,72,13.8,58.5
920,klusade,JP1,DIAMOND,43,362,40,181,11.0,50.0
921,SiroKotomine,JP1,DIAMOND,43,224,29,101,12.9,45.1
922,Dkeyおおくぼ,リロール,DIAMOND,43,159,22,90,13.8,56.6
923,sakubou,9944,DIAMOND,43,147,11,88,7.5,59.9
924,ZERRY,AFK,DIAMOND,42,134,22,79,16.4,59.0
925,藤原麻呂123456,8797,DIAMOND,42,136,24,77,17.6,56.6
926,misuto,093,DIAMOND,42,163,18,91,11.0,55.8
927,pirokiy,JP1,DIAMOND,41,307,52,151,16.9,49.2
928,DonkeyMongg,6188,DIAMOND,41,169,26,87,15.4,51.5
929,closing528,6581,DIAMOND,41,68,18,43,26.5,63.2
930,TeT053,9584,DIAMOND,41,232,27,122,11.6,52.6
931,yoriatsu,TTV,DIAMOND,41,281,41,139,14.6,49.5
932,MaHaliN,3826,DIAMOND,41,134,22,70,16.4,52.2
933,シャドウバース,ほーちゃん,DIAMOND,40,294,38,158,12.9,53.7
934,sparkle,0v0,DIAMOND,39,107,18,60,16.8,56.1
935,かのうた,TFT,DIAMOND,39,169,25,90,14.8,53.3
936,ブロック肉の切り分け,rmnf,DIAMOND,39,177,23,95,13.0,53.7
937,Knifer110,JP1,DIAMOND,38,115,19,61,16.5,53.0
938,egoistlin,5262,DIAMOND,38,154,26,79,16.9,51.3
939,もーぶど,moku3,DIAMOND,38,149,26,79,17.4,53.0
940,うにカレー,9424,DIAMOND,38,107,17,60,15.9,56.1
941,田中脊髄剣,4608,DIAMOND,38,130,24,73,18.5,56.2
942,ぷーたろうの慶応大学,ちゅうたい,DIAMOND,37,185,29,97,15.7,52.4
943,hilder113,113,DIAMOND,37,138,19,76,13.8,55.1
944,ほげぞう,0515,DIAMOND,37,255,31,126,12.2,49.4
945,masshiro,3197,DIAMOND,37,191,27,97,14.1,50.8
946,にゃん戦士,ほんまもん,DIAMOND,37,244,24,132,9.8,54.1
947,Coseriu,SiH4,DIAMOND,36,109,20,60,18.3,55.0
948,seraph39,JP1,DIAMOND,36,78,20,47,25.6,60.3
949,masakurah,JP1,DIAMOND,36,73,21,41,28.8,56.2
950,グランドコークゼロ,0kcal,DIAMOND,35,107,20,67,18.7,62.6
951,yuji2202,evo,DIAMOND,35,77,18,49,23.4,63.6
952,Kazusa01,JP1,DIAMOND,35,188,36,98,19.1,52.1
953,BeAM,JP726,DIAMOND,35,98,16,58,16.3,59.2
954,Lepsy,UwU,DIAMOND,35,57,10,41,17.5,71.9
955,oya,9878,DIAMOND,35,133,23,71,17.3,53.4
956,mimousu,15237,DIAMOND,35,116,15,64,12.9,55.2
957,aize,ずんだもち,DIAMOND,35,117,26,69,22.2,59.0
958,Think7G,15871,DIAMOND,35,116,17,66,14.7,56.9
959,ドラ4,4947,DIAMOND,35,149,21,82,14.1,55.0
960,上島珈琲店,JP1,DIAMOND,34,160,20,82,12.5,51.2
961,しおんさん,SAN,DIAMOND,34,116,16,63,13.8,54.3
962,boddy,3522,DIAMOND,34,117,21,66,17.9,56.4
963,620,2020,DIAMOND,34,99,15,66,15.2,66.7
964,オーンゼミ,SEMI,DIAMOND,34,122,16,72,13.1,59.0
965,高橋是清,1230,DIAMOND,33,140,19,84,13.6,60.0
966,Pop Virus,zzZ,DIAMOND,33,152,19,91,12.5,59.9
967,mumi,JP1,DIAMOND,33,153,22,87,14.4,56.9
968,nana,3242a,DIAMOND,33,229,30,121,13.1,52.8
969,maple,5435,DIAMOND,33,119,15,70,12.6,58.8
970,KAZU,12660,DIAMOND,33,80,15,50,18.8,62.5
971,carrot5055,JP1,DIAMOND,33,65,12,43,18.5,66.2
972,ハッサム高橋,8779,DIAMOND,33,147,14,83,9.5,56.5
973,Hot Chocolate,8349,DIAMOND,32,100,12,58,12.0,58.0
974,HIDEMARU,3721,DIAMOND,32,96,17,54,17.7,56.2
975,橘シェリー,667,DIAMOND,32,141,15,80,10.6,56.7
976,soluchi,5210,DIAMOND,32,111,23,61,20.7,55.0
977,ぐるぐるばにら,2565,DIAMOND,31,184,28,100,15.2,54.3
978,Pocoloco,7777,DIAMOND,31,147,22,81,15.0,55.1
979,しゅーえんの終電,JP1,DIAMOND,31,94,26,56,27.7,59.6
980,ゆぱもみじ,0807,DIAMOND,31,123,15,69,12.2,56.1
981,むんちゃ,JP1,DIAMOND,31,155,23,82,14.8,52.9
982,yumeoti,capri,DIAMOND,31,213,35,104,16.4,48.8
983,xenopi,9396,DIAMOND,31,65,18,43,27.7,66.2
984,Ketone,25s,DIAMOND,31,139,5,84,3.6,60.4
985,ama,0519,DIAMOND,31,123,23,66,18.7,53.7
986,黒井御米,JP1,DIAMOND,30,161,35,84,21.7,52.2
987,nonono,1412,DIAMOND,30,123,20,69,16.3,56.1
988,ohta,JP1,DIAMOND,30,134,18,72,13.4,53.7
989,くじらいぬ,JP1,DIAMOND,30,166,24,88,14.5,53.0
990,Huy Mập TFT,Yuh,DIAMOND,30,157,25,88,15.9,56.1
991,観音いぶき,794,DIAMOND,30,200,22,108,11.0,54.0
992,そんなんしらん,0326,DIAMOND,29,168,18,91,10.7,54.2
993,Puru zZ,JP1,DIAMOND,28,321,54,171,16.8,53.3
994,隆Dq貢,MCDN2,DIAMOND,28,140,26,76,18.6,54.3
995,いまふ,imafu,DIAMOND,28,259,44,140,17.0,54.1
996,sangouo,JP1,DIAMOND,28,124,25,68,20.2,54.8
997,GervontaDavis,t1t,DIAMOND,28,373,40,191,10.7,51.2
998,ztmy nachao,猫リセット,DIAMOND,28,61,12,39,19.7,63.9
999,3分間待ってやる,バルス,DIAMOND,28,145,25,73,17.2,50.3
1000,小樂睡不醒,66666,DIAMOND,28,114,12,65,10.5,57.0
1001,小瀬川,JP1,DIAMOND,27,211,26,117,12.3,55.5
1002,Watagyu,JP1,DIAMOND,27,148,16,79,10.8,53.4
1003,AMY,1246,DIAMOND,27,118,20,70,16.9,59.3
1004,tokkun0702,9837,DIAMOND,27,70,10,50,14.3,71.4
1005,Happy,thv,DIAMOND,27,134,18,80,13.4,59.7
1006,Ugum,5396,DIAMOND,27,201,32,105,15.9,52.2
1007,たらばがに大佐,JP1,DIAMOND,26,100,15,58,15.0,58.0
1008,爱莉希雅,Ato,DIAMOND,26,84,25,56,29.8,66.7
1009,法蓮草,6285,DIAMOND,26,97,18,51,18.6,52.6
1010,もちWO,0141,DIAMOND,26,114,20,62,17.5,54.4
1011,lindwurm,220,DIAMOND,25,122,24,61,19.7,50.0
1012,토깽이,베이비,DIAMOND,25,85,15,50,17.6,58.8
1013,nokonoko086,9828,DIAMOND,25,104,9,65,8.7,62.5
1014,うらぴー,JP1,DIAMOND,24,114,19,64,16.7,56.1
1015,Souma,JP1,DIAMOND,24,135,18,78,13.3,57.8
1016,sinragaisen,JP1,DIAMOND,24,169,20,83,11.8,49.1
1017,AliciaRhyme,JP1,DIAMOND,24,134,18,78,13.4,58.2
1018,ochi3,JP1,DIAMOND,24,88,19,50,21.6,56.8
1019,てんちゃにーる,ぺたに,DIAMOND,23,104,17,62,16.3,59.6
1020,5xp,997,DIAMOND,23,190,38,91,20.0,47.9
1021,ふぁむ,健康ランド,DIAMOND,23,180,23,100,12.8,55.6
1022,サブロー,9604,DIAMOND,23,163,28,84,17.2,51.5
1023,オクタン牛タンハイオク満タン,おりがみ,DIAMOND,23,50,14,37,28.0,74.0
1024,omikazz,1217,DIAMOND,22,180,25,99,13.9,55.0
1025,hao,7473,DIAMOND,22,133,20,71,15.0,53.4
1026,墨水 普羅成群,36605,DIAMOND,22,52,17,35,32.7,67.3
1027,ミュート安定,8707,DIAMOND,21,201,24,108,11.9,53.7
1028,PoleMos600,9181,DIAMOND,21,128,14,72,10.9,56.2
1029,胡瓜胡瓜,JP1,DIAMOND,21,154,19,90,12.3,58.4
1030,Tree of Savior,JP1,DIAMOND,20,221,32,107,14.5,48.4
1031,Kanibaby,JP1,DIAMOND,20,166,26,91,15.7,54.8
1032,破 壊,KNG,DIAMOND,20,92,13,56,14.1,60.9
1033,こあてりー,12345,DIAMOND,20,146,9,84,6.2,57.5
1034,syamii4,JP1,DIAMOND,20,227,33,112,14.5,49.3
1035,xQuqrtz,Mist,DIAMOND,20,200,38,103,19.0,51.5
1036,large,1841,DIAMOND,20,67,10,44,14.9,65.7
1037,ElenorRosevelt,1225,DIAMOND,20,210,38,108,18.1,51.4
1038,毎日眠い,3658,DIAMOND,20,94,15,57,16.0,60.6
1039,rainjim,JP1,DIAMOND,20,89,19,49,21.3,55.1
1040,メガらんぺるーじ,1205,DIAMOND,20,154,32,82,20.8,53.2
1041,アサマノイタズラ,JP1,DIAMOND,19,92,17,47,18.5,51.1
1042,Yup0,JP1,DIAMOND,19,96,25,49,26.0,51.0
1043,そよかぜ,0210,DIAMOND,19,87,18,51,20.7,58.6
1044,イカシアの顎,1129,DIAMOND,19,220,31,111,14.1,50.5
1045,flat,9168,DIAMOND,19,147,15,82,10.2,55.8
1046,mlh00,mlh,DIAMOND,19,127,28,64,22.0,50.4
1047,YUU Ds,8922,DIAMOND,19,161,16,90,9.9,55.9
1048,momo9555,JP1,DIAMOND,19,201,28,105,13.9,52.2
1049,龙少爷,龙少爷,DIAMOND,19,113,20,63,17.7,55.8
1050,mone,qqq,DIAMOND,19,285,28,156,9.8,54.7
1051,AChtholly,00980,DIAMOND,19,78,12,48,15.4,61.5
1052,ぼっきんぐ,4545,DIAMOND,18,128,22,77,17.2,60.2
1053,OoおさかなoO,おさかな,DIAMOND,18,111,14,63,12.6,56.8
1054,みょんちー,JP2,DIAMOND,18,107,12,58,11.2,54.2
1055,マスコットファミリア,120,DIAMOND,18,92,15,57,16.3,62.0
1056,rismtis,JP1,DIAMOND,18,236,45,127,19.1,53.8
1057,ひないちご,JP1,DIAMOND,18,64,13,39,20.3,60.9
1058,羊乃ちゃぷVT,さくちゃぷ,DIAMOND,17,185,16,99,8.6,53.5
1059,コケガリオ,JP1,DIAMOND,17,222,39,107,17.6,48.2
1060,HiIr0,JP1,DIAMOND,17,133,22,65,16.5,48.9
1061,vitamin,0726,DIAMOND,17,100,18,58,18.0,58.0
1062,pandaq0357,1202,DIAMOND,17,102,12,62,11.8,60.8
1063,ayataka,2467,DIAMOND,17,112,13,65,11.6,58.0
1064,笑い方交換センター,car,DIAMOND,17,142,14,78,9.9,54.9
1065,ぽんぽん,6891,DIAMOND,17,116,24,64,20.7,55.2
1066,やこび,JP1,DIAMOND,16,147,18,87,12.2,59.2
1067,coffee,9648,DIAMOND,16,70,16,48,22.9,68.6
1068,ドカ食い気絶,OWO,DIAMOND,16,159,24,96,15.1,60.4
1069,Arciel,JP1,DIAMOND,15,181,30,96,16.6,53.0
1070,chocottochoco,JP1,DIAMOND,15,241,24,126,10.0,52.3
1071,えるみあ,VRC,DIAMOND,15,106,14,61,13.2,57.5
1072,SANA3754,SANA,DIAMOND,15,89,18,55,20.2,61.8
1073,ゼロツー,JP2,DIAMOND,15,63,12,40,19.0,63.5
1074,Ruka,2178,DIAMOND,15,50,11,35,22.0,70.0
1075,unpkmaru,2476,DIAMOND,15,131,18,76,13.7,58.0
1076,tsunakan,jp31,DIAMOND,15,435,52,204,12.0,46.9
1077,70億の絶唱を凌駕する右打ち,PIAKD,DIAMOND,14,99,17,62,17.2,62.6
1078,reitnorf,build,DIAMOND,14,87,13,49,14.9,56.3
1079,calculatormaster,1172,DIAMOND,14,93,18,53,19.4,57.0
1080,吸う彩度,bito,DIAMOND,14,145,17,83,11.7,57.2
1081,Gorgonn,JP1,DIAMOND,13,191,38,105,19.9,55.0
1082,mikana,4976,DIAMOND,13,308,27,157,8.8,51.0
1083,Dannii,4569,DIAMOND,13,97,15,57,15.5,58.8
1084,LohacoTFT,JP1,DIAMOND,12,93,22,55,23.7,59.1
1085,Bethly,826,DIAMOND,12,143,19,77,13.3,53.8
1086,araiguma4946,ova,DIAMOND,12,139,15,78,10.8,56.1
1087,Mito,JP122,DIAMOND,12,156,21,82,13.5,52.6
1088,すかぴっぴ,JP1,DIAMOND,12,132,21,72,15.9,54.5
1089,osoma007,2124,DIAMOND,12,85,17,52,20.0,61.2
1090,twitch zeami gg,0624,DIAMOND,12,86,16,46,18.6,53.5
1091,poko,8018,DIAMOND,12,157,20,84,12.7,53.5
1092,半ば過ぎニート,YMD,DIAMOND,12,204,23,110,11.3,53.9
1093,イグナイト松沢,JP1,DIAMOND,11,119,26,64,21.8,53.8
1094,arue123645,JP1,DIAMOND,11,78,8,48,10.3,61.5
1095,O202,JP1,DIAMOND,11,197,18,104,9.1,52.8
1096,どーんだyo,gu45,DIAMOND,11,228,24,125,10.5,54.8
1097,z0usann,JP1,DIAMOND,10,131,19,70,14.5,53.4
1098,nentou,JP1,DIAMOND,10,124,22,64,17.7,51.6
1099,まちちゃんねる,TFT,DIAMOND,10,175,23,89,13.1,50.9
1100,bezyi,JP1,DIAMOND,10,149,17,77,11.4,51.7
1101,Aqaba,Japan,DIAMOND,10,108,16,63,14.8,58.3
1102,まんもすたなか,mnnk,DIAMOND,10,139,24,75,17.3,54.0
1103,antler,JP2,DIAMOND,10,278,39,137,14.0,49.3
1104,KeiNe,JP1,DIAMOND,10,156,22,84,14.1,53.8
1105,How It Is Done,Zoey,DIAMOND,10,161,23,87,14.3,54.0
1106,ロケットパンチャーカリナ,krn,DIAMOND,10,277,35,142,12.6,51.3
1107,half,rmn,DIAMOND,10,122,20,63,16.4,51.6
1108,Hachiware,1919,DIAMOND,10,75,15,44,20.0,58.7
1109,rrrukasky,JP1,DIAMOND,9,310,28,151,9.0,48.7
1110,無敵の人,JP1,DIAMOND,9,249,32,124,12.9,49.8
1111,shan777,JP1,DIAMOND,9,86,21,50,24.4,58.1
1112,period1c,JP1,DIAMOND,8,107,14,67,13.1,62.6
1113,三代目Vサンダー,JP1,DIAMOND,8,210,23,108,11.0,51.4
1114,bears0303,JP1,DIAMOND,8,83,16,47,19.3,56.6
1115,ひろし,JP123,DIAMOND,8,149,36,82,24.2,55.0
1116,m1ro,3636,DIAMOND,8,322,36,161,11.2,50.0
1117,Hunya,vain,DIAMOND,8,88,11,50,12.5,56.8
1118,poison,77777,DIAMOND,7,279,39,144,14.0,51.6
1119,orcatan,2040,DIAMOND,7,157,25,77,15.9,49.0
1120,melo,7783,DIAMOND,7,92,19,51,20.7,55.4
1121,地獄ノ炎暗黒剣士,二刀流,DIAMOND,7,188,29,105,15.4,55.9
1122,ノチェ,noche,DIAMOND,6,109,17,63,15.6,57.8
1123,神殺槍,TFT,DIAMOND,6,86,16,54,18.6,62.8
1124,kuma2548,3588,DIAMOND,5,95,14,58,14.7,61.1
1125,さきてん,syaki,DIAMOND,5,222,28,111,12.6,50.0
1126,ごっさんだよ,116,DIAMOND,4,279,41,136,14.7,48.7
1127,ittandorio,6533,DIAMOND,4,171,24,99,14.0,57.9
1128,初心者未満,USG薪,DIAMOND,4,195,21,100,10.8,51.3
1129,tenpuraaaa,TFT,DIAMOND,3,74,13,45,17.6,60.8
1130,Tsukoshi,JP2,DIAMOND,3,82,13,49,15.9,59.8
1131,acomingとマッチするために,de41o,DIAMOND,3,143,28,79,19.6,55.2
1132,Aichan91,JP1,DIAMOND,2,52,15,33,28.8,63.5
1133,rnary,0000,DIAMOND,2,114,16,63,14.0,55.3
1134,ikapo123,JP1,DIAMOND,2,112,22,68,19.6,60.7
1135,ふらぽ,9862,DIAMOND,2,125,18,70,14.4,56.0
1136,OMOCHI,8471,DIAMOND,2,81,13,51,16.0,63.0
1137,Γιούπιον,252,DIAMOND,2,279,40,136,14.3,48.7
1138,エイムタイジャイヨーン,0716,DIAMOND,1,78,7,53,9.0,67.9
1139,eqs,sqe,DIAMOND,1,140,16,76,11.4,54.3
1140,Radical Heights,UNC,DIAMOND,1,209,30,113,14.4,54.1
1141,Beyan,JP1,DIAMOND,1,163,22,87,13.5,53.4
1142,Naruuu,1228,DIAMOND,1,160,24,83,15.0,51.9
1143,tyouma,JP1,DIAMOND,1,83,11,54,13.3,65.1
1144,nanahoshi101064,JP1,DIAMOND,1,147,25,79,17.0,53.7
1145,あけの,7777,DIAMOND,1,234,32,126,13.7,53.8
1146,holou,1978,DIAMOND,1,143,22,77,15.4,53.8
1147,utona0417,1035,DIAMOND,1,163,10,85,6.1,52.1
1148,hinekura,JP1,DIAMOND,0,145,18,76,12.4,52.4
1149,acaria,8100,DIAMOND,0,96,16,57,16.7,59.4
1150,hamach,9223,DIAMOND,0,94,18,55,19.1,58.5
1151,tokkyi,JP1,DIAMOND,0,213,27,111,12.7,52.1
1152,フグの中のフグ,JP1,DIAMOND,0,282,58,136,20.6,48.2
1153,MadPony,JP1,DIAMOND,0,155,24,87,15.5,56.1
1154,hinekure,JP1,DIAMOND,0,192,21,108,10.9,56.2
1155,soflan,JP1,DIAMOND,0,174,14,93,8.0,53.4
1156,dendenmushi,JP1,DIAMOND,0,176,20,98,11.4,55.7
1157,うちは一族,JP1,DIAMOND,0,130,19,73,14.6,56.2
1158,つっきー Stark,JP1,DIAMOND,0,223,32,114,14.3,51.1
1159,あるたす,JP1,DIAMOND,0,150,24,76,16.0,50.7
1160,E s p é r e R s,JP1,DIAMOND,0,135,26,75,19.3,55.6
1161,teenimog,000,DIAMOND,0,241,26,126,10.8,52.3
1162,あるるん,JP1,DIAMOND,0,235,36,120,15.3,51.1
1163,超人的煙男,2222,DIAMOND,0,210,25,100,11.9,47.6
1164,sawawan,JP1,DIAMOND,0,133,16,75,12.0,56.4
1165,追い剥ぎ,JP1,DIAMOND,0,143,18,81,12.6,56.6
1166,りんごかも,JP1,DIAMOND,0,367,36,188,9.8,51.2
1167,TAX33,JP1,DIAMOND,0,107,14,57,13.1,53.3
1168,すいみんく,TFT,DIAMOND,0,262,34,140,13.0,53.4
1169,无 无,无 无,DIAMOND,0,172,17,96,9.9,55.8
1170,但我想試試,JP1,DIAMOND,0,150,29,76,19.3,50.7
1171,Futureboy,8684,DIAMOND,0,120,23,63,19.2,52.5
1172,pizza,0123,DIAMOND,0,120,15,65,12.5,54.2
1173,けちゃっぷらいす,JP1,DIAMOND,0,146,23,81,15.8,55.5
1174, Pilum Murialis,JP1,DIAMOND,0,167,23,92,13.8,55.1
1175,15p end game,9997,DIAMOND,0,104,18,62,17.3,59.6
1176,mmmmzh,JP1,DIAMOND,0,101,24,55,23.8,54.5
1177,Yun,AK47,DIAMOND,0,222,23,112,10.4,50.5
1178,ゆたんぽ,JP1,DIAMOND,0,175,21,97,12.0,55.4
1179,higekaijin,3367,DIAMOND,0,170,19,92,11.2,54.1
1180,kiritori,8079,DIAMOND,0,97,12,55,12.4,56.7
1181,Noraheart,9992,DIAMOND,0,94,13,52,13.8,55.3
1182,るかわっち,8688,DIAMOND,0,185,30,99,16.2,53.5
1183,Greer,2465,DIAMOND,0,346,37,175,10.7,50.6
1184,宇智波带土,2433,DIAMOND,0,133,36,80,27.1,60.2
1185,oKasTa,JPN,DIAMOND,0,90,17,59,18.9,65.6
1186,うさぎ隊長,SKMT,DIAMOND,0,143,19,78,13.3,54.5
1187,Speed of Light,0524,DIAMOND,0,88,13,53,14.8,60.2
1188,NOW EMPiRE,ADHD,DIAMOND,0,206,31,100,15.0,48.5
1189,high spec dryer,fdr,DIAMOND,0,114,20,62,17.5,54.4
1190,tetu,8023,DIAMOND,0,114,25,60,21.9,52.6
1191,zelu5toma,JP1,DIAMOND,0,162,16,86,9.9,53.1
1192,Witchcraft,xdd,DIAMOND,0,189,23,104,12.2,55.0
1193,tak,4276,DIAMOND,0,98,22,52,22.4,53.1
1194,gasya,9044,DIAMOND,0,132,18,67,13.6,50.8
1195,Mermaid Wakana,ngt,DIAMOND,0,85,4,60,4.7,70.6
1196,meLIE,River,DIAMOND,0,189,37,95,19.6,50.3
1197,ZONBee,0066,DIAMOND,0,85,12,52,14.1,61.2
1198,Novan,6897,DIAMOND,0,67,17,39,25.4,58.2
1199,ぺろぺれ,4635,DIAMOND,0,182,27,90,14.8,49.5
1200,あらむぼっと,JP1,DIAMOND,0,87,23,58,26.4,66.7
1201,本当にごめんなさい,9809,DIAMOND,0,283,36,135,12.7,47.7
1202,TITANIUM,5684,DIAMOND,0,125,17,67,13.6,53.6
1203,Rarakko,0214,DIAMOND,0,134,24,77,17.9,57.5
1204,rinona,JP1,DIAMOND,0,106,21,55,19.8,51.9
1205,ポポナ,PSO2,DIAMOND,0,169,29,86,17.2,50.9
1206,神ゴッドdeuS,0000,DIAMOND,0,111,18,65,16.2,58.6
1207,kawaiikuma3,2385,DIAMOND,0,139,22,76,15.8,54.7
1208,NaToS,3703,DIAMOND,0,83,19,48,22.9,57.8
1209,上路正义天使,Dami,DIAMOND,0,295,38,150,12.9,50.8
1210,Merry309,8823,DIAMOND,0,247,23,125,9.3,50.6
1211,Jia37,0429,DIAMOND,0,86,18,46,20.9,53.5
1212,べんす,TFT,DIAMOND,0,71,16,40,22.5,56.3
1213,nxyANDhzy丶丶,JP1,DIAMOND,0,161,21,89,13.0,55.3
1214,おきんたまデカお,2424,DIAMOND,0,111,23,62,20.7,55.9
1215,Nine,7923,DIAMOND,0,84,13,53,15.5,63.1
1216,owata,4767,DIAMOND,0,134,27,78,20.1,58.2
1217,V3171,3171,DIAMOND,0,219,35,109,16.0,49.8
1218,chronocross,1462,DIAMOND,0,373,57,174,15.3,46.6
1219,ミトコンドリア4G,細胞の力,DIAMOND,0,172,34,89,19.8,51.7
1220,akusyounin,JP1,DIAMOND,0,141,30,70,21.3,49.6
1221,えくれあ,Gwen,DIAMOND,0,149,22,80,14.8,53.7
1222,ureachang,7721,DIAMOND,0,245,35,120,14.3,49.0
1223,hinamizawasanw,7822,DIAMOND,0,168,39,89,23.2,53.0
1224,iNoriNN,2159,DIAMOND,0,216,23,116,10.6,53.7
1225,かんだむ,drums,DIAMOND,0,175,26,93,14.9,53.1
1226,ねコらない,JP1,DIAMOND,0,132,14,73,10.6,55.3
1227,settaThori,JP1,DIAMOND,0,360,24,185,6.7,51.4
1228,春が夏を待つ,JP886,DIAMOND,0,168,23,85,13.7,50.6
1229,SIVIRization,7606,DIAMOND,0,193,38,92,19.7,47.7
1230,にゃま,ruma,DIAMOND,0,155,27,88,17.4,56.8
1231,Sn0w,1118,DIAMOND,0,214,23,112,10.7,52.3
1232,yqmqmo,2586,DIAMOND,0,107,23,61,21.5,57.0
1233,shiroaki,4600,DIAMOND,0,63,16,36,25.4,57.1
1234,Hopes and Dreams,sss,DIAMOND,0,104,21,57,20.2,54.8
1235,shinichi,7997,DIAMOND,0,177,29,88,16.4,49.7
1236,Azure,0713,DIAMOND,0,97,14,51,14.4,52.6
1237,次回もぜってぇ見てくレオナ,Z戦士,DIAMOND,0,191,22,105,11.5,55.0
1238,chikaramizu1234,1350,DIAMOND,0,146,19,81,13.0,55.5
1239,nemuru1220,JP1,DIAMOND,0,162,18,89,11.1,54.9
1240,Natsy,rein,DIAMOND,0,83,17,48,20.5,57.8
1241,いのざっく,TFT,DIAMOND,0,211,21,110,10.0,52.1
1242,JOK3R,7991,DIAMOND,0,51,12,38,23.5,74.5
1243,BlackMidi,jeans,DIAMOND,0,152,19,82,12.5,53.9
1244,c4nar1a,7771,DIAMOND,0,122,17,66,13.9,54.1
1245,だらく,5040,DIAMOND,0,136,15,77,11.0,56.6
1246,せいすい太郎,6262,DIAMOND,0,113,18,69,15.9,61.1
1247,NEDO,lul,DIAMOND,0,163,23,84,14.1,51.5
1248,マシュマオヤミー,cat,DIAMOND,0,248,30,121,12.1,48.8
1249,横滨教父,0101,DIAMOND,0,125,24,68,19.2,54.4
1250,Dora0dora,krm,DIAMOND,0,175,27,84,15.4,48.0
1251,闇のコヤンスカヤ大好きちゃんねる,nyal,DIAMOND,0,153,14,89,9.2,58.2
1252,umasou,6528,DIAMOND,0,111,22,63,19.8,56.8
1253,mitora,3352,DIAMOND,0,226,35,118,15.5,52.2
1254,擬宝珠夏春都,2401,DIAMOND,0,99,12,57,12.1,57.6
1255,田中角栄,7856,DIAMOND,0,187,32,90,17.1,48.1
1256,Naoya,928,DIAMOND,0,119,22,66,18.5,55.5
1257,ドラゴンシャイン,ryuu,DIAMOND,0,152,17,81,11.2,53.3
1258,ふくだたいが,ふくちゃん,DIAMOND,0,124,26,63,21.0,50.8
1259,Shishikoma,831,DIAMOND,0,140,17,75,12.1,53.6
1260,yasumiru,3917,DIAMOND,0,136,21,75,15.4,55.1
1261,8ko,シママ,DIAMOND,0,141,20,71,14.2,50.4
1262,LuA9,JP2,DIAMOND,0,129,17,71,13.2,55.0
1263,Only U,みょん,DIAMOND,0,288,43,148,14.9,51.4
1264,しべる,0910,DIAMOND,0,138,16,75,11.6,54.3
1265,kenken,green,DIAMOND,0,184,20,96,10.9,52.2
1266,湿ったねこ,2525,DIAMOND,0,215,33,117,15.3,54.4
1267,NEATNEET,210,DIAMOND,0,195,36,102,18.5,52.3
1268,boll11,JP1,DIAMOND,0,252,38,130,15.1,51.6
1269,Skiller,0402,DIAMOND,0,132,19,72,14.4,54.5
1270,うまトマハンバーグ,8456,DIAMOND,0,151,29,78,19.2,51.7
1271,PETO,0722,DIAMOND,0,333,53,155,15.9,46.5
1272,000Daisy000,JP1,DIAMOND,0,307,43,155,14.0,50.5
1273,リアルギャンブラーもみじ,2112,DIAMOND,0,167,22,86,13.2,51.5
1274,Lapis,0079,DIAMOND,0,129,14,71,10.9,55.0
1275,Law,0628,DIAMOND,0,208,43,113,20.7,54.3
1276,mathtoo,2886,DIAMOND,0,257,21,133,8.2,51.8
1277,gurifosu,JP1,DIAMOND,0,147,24,78,16.3,53.1
1278,SoyLatte,99160,DIAMOND,0,105,24,59,22.9,56.2
1279,永井あゆむ,1744,DIAMOND,0,177,26,95,14.7,53.7
1280,シューリンガンのグーリンダイ,1111,DIAMOND,0,116,21,64,18.1,55.2
1281,そぞろ,24187,DIAMOND,0,114,21,62,18.4,54.4
1282,waninokoo,8778,DIAMOND,0,77,19,46,24.7,59.7
1283,アーケードスクラッチ,16230,DIAMOND,0,98,24,57,24.5,58.2
1284,origami3196,JP1,DIAMOND,0,100,18,58,18.0,58.0
1285,Reima,1833,DIAMOND,0,187,27,106,14.4,56.7
1286,ワンワンパニック,8333,DIAMOND,0,260,20,134,7.7,51.5
1287,Apple,73557,DIAMOND,0,178,12,100,6.7,56.2
1288,bigdikjj,17cm,DIAMOND,0,208,26,114,12.5,54.8
1289,Willow,jpn,DIAMOND,0,329,39,163,11.9,49.5
1290,hitekozaurusu,JP1,DIAMOND,0,176,26,95,14.8,54.0
1291,sayaike,551,DIAMOND,0,152,15,88,9.9,57.9
1292,けんしんもち,711,DIAMOND,0,227,24,114,10.6,50.2
1293,rela,2195,DIAMOND,0,201,33,98,16.4,48.8
1294,守護者の鉄槌,0327,DIAMOND,0,355,37,167,10.4,47.0
1295,SakuSakuRusk,JP1,EMERALD,99,56,13,38,23.2,67.9
1296,mozu,7169,EMERALD,97,93,22,53,23.7,57.0
1297,Gendy,373,EMERALD,95,102,16,58,15.7,56.9
1298,tanisyan,JP1,EMERALD,93,143,26,74,18.2,51.7
1299,東海道新幹線人造スケバン,kara1,EMERALD,91,158,30,84,19.0,53.2
1300,わんだ,zac,EMERALD,91,149,24,78,16.1,52.3
1301,wiiiiiiiin,JP1,EMERALD,90,112,12,67,10.7,59.8
1302,jyubee,JP1,EMERALD,89,214,26,109,12.1,50.9
1303,もぎもぎふるーつ,1431,EMERALD,88,84,16,51,19.0,60.7
1304,neteru,8909,EMERALD,86,80,14,48,17.5,60.0
1305,Raptor7517,7517,EMERALD,84,90,16,55,17.8,61.1
1306,mederuderu,JP1,EMERALD,84,101,13,64,12.9,63.4
1307,Usya7001,JP1,EMERALD,84,101,13,59,12.9,58.4
1308,仲町JG,サタン順平,EMERALD,84,168,20,92,11.9,54.8
1309,阿武隈竹代,4031,EMERALD,83,74,16,45,21.6,60.8
1310,千修千修千,JP1,EMERALD,80,125,36,66,28.8,52.8
1311,xKirin,1314,EMERALD,79,94,15,59,16.0,62.8
1312,kkp112,JP1,EMERALD,76,82,10,53,12.2,64.6
1313,フルパ専のフル畑任三郎,名に懸けて,EMERALD,75,128,11,73,8.6,57.0
1314,Nont,5515,EMERALD,74,149,25,81,16.8,54.4
1315,syaruru,6286,EMERALD,74,112,11,68,9.8,60.7
1316,martell,0732,EMERALD,73,155,25,82,16.1,52.9
1317,Uno0,777,EMERALD,73,117,22,63,18.8,53.8
1318,きてるぐま,JP1,EMERALD,72,66,17,41,25.8,62.1
1319,bose,JP1,EMERALD,72,74,8,50,10.8,67.6
1320,watatoratft,2174,EMERALD,72,72,16,44,22.2,61.1
1321,Daichan77,2093,EMERALD,72,77,14,48,18.2,62.3
1322,cordsi,JP1,EMERALD,70,180,22,95,12.2,52.8
1323,水をクレメンス卿,2187,EMERALD,69,194,40,102,20.6,52.6
1324,yamadaaaa,0905,EMERALD,69,138,14,78,10.1,56.5
1325,YUNIHIRO1,6056,EMERALD,69,138,15,78,10.9,56.5
1326,Kaoru RabbyHouse,JP1,EMERALD,67,148,32,80,21.6,54.1
1327,kiokswagen,5927,EMERALD,66,169,23,91,13.6,53.8
1328,超绝可爱的妮蔻,neeko,EMERALD,65,89,15,55,16.9,61.8
1329,よいち,yoich,EMERALD,65,239,41,123,17.2,51.5
1330,pitta56,JP1,EMERALD,64,66,10,42,15.2,63.6
1331,トルネード新庄,JP1,EMERALD,64,63,15,39,23.8,61.9
1332,畜肉乎巻奴,0923,EMERALD,64,73,16,47,21.9,64.4
1333,hikaso,JP1,EMERALD,64,223,22,119,9.9,53.4
1334,yokuga,JP1,EMERALD,63,82,15,49,18.3,59.8
1335,SabotenKun,6137,EMERALD,63,212,18,112,8.5,52.8
1336,むら雲,JP1,EMERALD,62,233,22,126,9.4,54.1
1337,ToxicTroller,troll,EMERALD,62,189,26,98,13.8,51.9
1338,happyhour,JP9,EMERALD,62,95,13,57,13.7,60.0
1339,誰よPEG32,8579,EMERALD,61,66,16,42,24.2,63.6
1340,mikochan001,09009,EMERALD,61,120,8,74,6.7,61.7
1341,Cosmic Elevator,0924,EMERALD,60,200,28,106,14.0,53.0
1342,たらこ,9128,EMERALD,59,176,37,98,21.0,55.7
1343,futagorou,8700,EMERALD,59,68,17,43,25.0,63.2
1344,スナクジラ,4586,EMERALD,59,104,20,64,19.2,61.5
1345,muku9,5555,EMERALD,58,108,18,63,16.7,58.3
1346,ジーニアスボーイ,JP1,EMERALD,57,128,16,73,12.5,57.0
1347,ETUDE,JP1,EMERALD,57,71,14,46,19.7,64.8
1348,4419,1038,EMERALD,56,280,21,157,7.5,56.1
1349,2HS,8209,EMERALD,56,115,11,67,9.6,58.3
1350,DangoAnciao,56246,EMERALD,56,47,20,40,42.6,85.1
1351,sito,1225,EMERALD,55,218,40,107,18.3,49.1
1352,LastRemote,Ostar,EMERALD,55,117,23,66,19.7,56.4
1353,ｷﾚｼﾞ on Fire,JP1,EMERALD,53,92,11,56,12.0,60.9
1354,blacky48,4581,EMERALD,53,190,33,105,17.4,55.3
1355,dinog,flow,EMERALD,53,156,21,81,13.5,51.9
1356,あいす,7067,EMERALD,53,141,22,79,15.6,56.0
1357,Im behind ,JP1,EMERALD,52,116,15,68,12.9,58.6
1358,SiciliaSun,7620,EMERALD,52,46,14,32,30.4,69.6
1359,marshtomp,1709,EMERALD,51,69,15,40,21.7,58.0
1360,miruton tonton,3683,EMERALD,50,84,16,50,19.0,59.5
1361,numeros,4005,EMERALD,49,80,18,49,22.5,61.3
1362,drmday,8787,EMERALD,49,64,13,37,20.3,57.8
1363,エイジア,6455,EMERALD,49,134,15,74,11.2,55.2
1364,Ponty,777,EMERALD,48,130,30,63,23.1,48.5
1365,ひこぼしゆうき,MNM,EMERALD,48,325,54,164,16.6,50.5
1366,Zeffar,JP1,EMERALD,48,153,15,86,9.8,56.2
1367,Elcaro,KEL,EMERALD,48,80,17,46,21.2,57.5
1368,原深を知らない,JP1,EMERALD,48,125,18,70,14.4,56.0
1369,chairuu,3360,EMERALD,48,100,14,59,14.0,59.0
1370,とあるK君,JP1,EMERALD,47,137,21,83,15.3,60.6
1371,小さき者,JP1,EMERALD,47,162,21,83,13.0,51.2
1372,HonamiDevil,3057,EMERALD,46,149,16,80,10.7,53.7
1373,kurogoma702,JP1,EMERALD,46,85,16,49,18.8,57.6
1374,Vona,225,EMERALD,46,140,20,74,14.3,52.9
1375,えぬがわ,JP1,EMERALD,44,217,42,112,19.4,51.6
1376,E4syTIM,E4syt,EMERALD,44,219,33,121,15.1,55.3
1377,GIONMOARI,5133,EMERALD,44,151,22,78,14.6,51.7
1378,瀬戸内ジャックショーVT,中尊寺,EMERALD,44,146,12,85,8.2,58.2
1379,蛸葦廃船,083jp,EMERALD,44,74,17,45,23.0,60.8
1380,quLoah,lol,EMERALD,44,89,14,53,15.7,59.6
1381,revive,JP1,EMERALD,43,143,22,74,15.4,51.7
1382,apoptosis,1939,EMERALD,43,90,16,50,17.8,55.6
1383,Syeelp,0304,EMERALD,42,140,20,78,14.3,55.7
1384,鱶鰭太郎,hanak,EMERALD,41,54,16,36,29.6,66.7
1385,ファイナルシティ交通,3558,EMERALD,41,119,22,69,18.5,58.0
1386,Sakü,数 理,EMERALD,41,115,14,62,12.2,53.9
1387,hanihoho,JP1,EMERALD,39,58,13,36,22.4,62.1
1388,gondou,JP1,EMERALD,39,46,8,35,17.4,76.1
1389,AnchorI,JP1,EMERALD,39,72,9,46,12.5,63.9
1390,相沢みなみ,0114,EMERALD,39,210,33,110,15.7,52.4
1391,0tt0,JP1,EMERALD,38,108,19,60,17.6,55.6
1392,mrrenn,JP1,EMERALD,38,92,12,54,13.0,58.7
1393,わーにんわーにん,2121,EMERALD,38,206,27,114,13.1,55.3
1394,巨大なタライ,攻50,EMERALD,38,175,24,96,13.7,54.9
1395,そらみかん,JP1,EMERALD,37,130,15,69,11.5,53.1
1396,竈門炭次郎,1111,EMERALD,37,183,21,96,11.5,52.5
1397,napoli,JP1,EMERALD,36,214,35,110,16.4,51.4
1398,わしまる,9160,EMERALD,35,61,14,40,23.0,65.6
1399,癖捻剣十性癖,JP1,EMERALD,35,49,9,36,18.4,73.5
1400,クロロクロクロロ,JP1,EMERALD,34,123,16,67,13.0,54.5
1401,玉でか金次郎,JP1,EMERALD,34,114,9,70,7.9,61.4
1402,soarsora,JP1,EMERALD,34,120,14,66,11.7,55.0
1403,kibori,1055,EMERALD,34,133,32,74,24.1,55.6
1404,カオスポッド,8731,EMERALD,33,66,15,45,22.7,68.2
1405,PasaCat,4551,EMERALD,32,191,33,100,17.3,52.4
1406,こんにちは竹中さん,1111,EMERALD,32,90,13,55,14.4,61.1
1407,タル大砲の谷,DK1,EMERALD,31,112,23,65,20.5,58.0
1408,やっちょ8000歳,KAGU,EMERALD,31,187,25,103,13.4,55.1
1409,きーぼー,金融屋,EMERALD,31,191,17,101,8.9,52.9
1410,HUNGRYBUG,9685,EMERALD,31,180,22,105,12.2,58.3
1411,DROUGHT,HDR,EMERALD,31,90,15,51,16.7,56.7
1412,Lefy,hart,EMERALD,31,205,20,108,9.8,52.7
1413,あきも,87805,EMERALD,31,174,20,96,11.5,55.2
1414,kiseno,JP1,EMERALD,30,86,11,54,12.8,62.8
1415,とぅっとぅる,8185,EMERALD,30,161,24,85,14.9,52.8
1416,Gorimatsu JP,JP1,EMERALD,30,93,14,56,15.1,60.2
1417,biki244566,JP1,EMERALD,30,140,15,80,10.7,57.1
1418,しんたそ,6624,EMERALD,30,175,20,92,11.4,52.6
1419,ドダイトスお嬢様,81805,EMERALD,30,165,26,87,15.8,52.7
1420,Himmel64,JP1,EMERALD,29,162,14,91,8.6,56.2
1421,Marshall D Teemo,JP1,EMERALD,29,73,19,40,26.0,54.8
1422,ぷりちぃおねぎ,dosti,EMERALD,27,139,21,74,15.1,53.2
1423,runa,8281,EMERALD,27,77,16,46,20.8,59.7
1424,Alltyu,3748,EMERALD,27,188,27,108,14.4,57.4
1425,ばちらー,007,EMERALD,27,114,12,63,10.5,55.3
1426,おねショウタ,JP1,EMERALD,26,100,19,54,19.0,54.0
1427,すんごくBill男,1111,EMERALD,26,139,17,79,12.2,56.8
1428,星野エビー,JP1,EMERALD,26,142,18,79,12.7,55.6
1429,Photon,ZL24,EMERALD,26,218,30,111,13.8,50.9
1430,yurarara11,JP1,EMERALD,25,45,15,32,33.3,71.1
1431,復活のかふす,3333,EMERALD,24,99,15,53,15.2,53.5
1432,PANPANPANPAN,PAN,EMERALD,24,134,23,74,17.2,55.2
1433,ショウチンのポコ,5331,EMERALD,24,132,23,76,17.4,57.6
1434,yoikagari,0832,EMERALD,24,187,27,100,14.4,53.5
1435,ile,3689,EMERALD,23,210,28,105,13.3,50.0
1436,Shume0124,7289,EMERALD,23,138,15,76,10.9,55.1
1437,だいちんTA,JP1,EMERALD,22,142,14,79,9.9,55.6
1438,デカピクミン,DEKKA,EMERALD,22,186,24,102,12.9,54.8
1439,Another1,8234,EMERALD,22,143,17,80,11.9,55.9
1440,bitter,0522,EMERALD,21,71,13,44,18.3,62.0
1441,にゃんにゃん99号,JP1,EMERALD,21,116,19,64,16.4,55.2
1442,MaxiBoo,KiChi,EMERALD,21,167,24,88,14.4,52.7
1443,kattsu,9447,EMERALD,21,123,20,66,16.3,53.7
1444,hothoooo,9796,EMERALD,20,171,24,87,14.0,50.9
1445,kngty,JP1,EMERALD,20,87,16,51,18.4,58.6
1446,五百城茉央カイ,0729,EMERALD,20,171,29,92,17.0,53.8
1447,ADUCK,8287,EMERALD,20,176,14,100,8.0,56.8
1448,Vanishment,777,EMERALD,19,98,21,56,21.4,57.1
1449,ノブマッソ,JP1,EMERALD,19,125,18,72,14.4,57.6
1450,madeux,ARtft,EMERALD,19,88,17,47,19.3,53.4
1451,おふろ,026,EMERALD,19,114,15,61,13.2,53.5
1452,aoi,0113,EMERALD,19,97,17,59,17.5,60.8
1453,hemi,JP1,EMERALD,18,90,18,51,20.0,56.7
1454,Vu0giu,9230,EMERALD,18,131,20,73,15.3,55.7
1455,nasubi,2149,EMERALD,18,90,13,54,14.4,60.0
1456,HOSHI,7250,EMERALD,18,180,30,96,16.7,53.3
1457,Ninjinman,JP1,EMERALD,17,113,18,63,15.9,55.8
1458,nokotuki,JP1,EMERALD,17,182,24,97,13.2,53.3
1459,pukuta,1434,EMERALD,17,168,30,84,17.9,50.0
1460,ニホンドクタヌキ,JP1,EMERALD,16,128,17,63,13.3,49.2
1461,Nice Guys,888,EMERALD,16,113,19,66,16.8,58.4
1462,オブジェ,JP1,EMERALD,16,171,27,95,15.8,55.6
1463,Ko4mo,Debu,EMERALD,15,73,15,41,20.5,56.2
1464,Jiyorge,123,EMERALD,15,85,14,54,16.5,63.5
1465,グラガスおじさん,JP1,EMERALD,14,102,14,60,13.7,58.8
1466,shika7991,JP1,EMERALD,14,154,18,89,11.7,57.8
1467,Adaptive Helm,6758,EMERALD,13,210,30,115,14.3,54.8
1468,ゆめのよん,JP1,EMERALD,13,92,14,50,15.2,54.3
1469,haitte8110,8110,EMERALD,13,113,20,64,17.7,56.6
1470,kakushoukakkeeee,7152,EMERALD,13,206,19,109,9.2,52.9
1471,いたりん,JP1,EMERALD,12,62,11,40,17.7,64.5
1472,NotNeetYet,Proof,EMERALD,12,79,8,47,10.1,59.5
1473,コハダ,4491,EMERALD,12,111,22,55,19.8,49.5
1474,nanahoshijp2021,2021,EMERALD,11,127,14,73,11.0,57.5
1475,噴火龍果,JP1,EMERALD,11,94,20,52,21.3,55.3
1476,superbluegirl,lose,EMERALD,11,85,14,51,16.5,60.0
1477,フェイスチェックしますね,0000,EMERALD,10,198,16,110,8.1,55.6
1478,shintaxxx,JP1,EMERALD,10,189,28,101,14.8,53.4
1479,mocosan,JP1,EMERALD,10,127,18,74,14.2,58.3
1480,nora013,2979,EMERALD,10,156,8,85,5.1,54.5
1481,11energy,4427,EMERALD,10,80,11,48,13.8,60.0
1482,夏ノ旅,T1WIN,EMERALD,10,89,18,50,20.2,56.2
1483,M1R4I,2240,EMERALD,10,198,28,104,14.1,52.5
1484,medaka,129,EMERALD,9,130,23,71,17.7,54.6
1485,CassiA,doro,EMERALD,8,64,13,38,20.3,59.4
1486,maruhi,169,EMERALD,8,78,9,45,11.5,57.7
1487,Musaxic,JP1,EMERALD,7,78,17,47,21.8,60.3
1488,Call me FB,milo,EMERALD,7,146,14,86,9.6,58.9
1489,LOS VOLTAJE,xxx,EMERALD,7,157,14,86,8.9,54.8
1490,寛和石灯籠弦道,ダイオード,EMERALD,7,138,20,76,14.5,55.1
1491,bubblydisapprove,42965,EMERALD,7,176,20,89,11.4,50.6
1492,Nags,JP1,EMERALD,6,167,16,94,9.6,56.3
1493,hohe,qas,EMERALD,6,104,17,57,16.3,54.8
1494,おちゃんこ学部どすこい学科,超横綱級,EMERALD,6,147,19,80,12.9,54.4
1495,雀蜂雷公鞭,lol,EMERALD,6,160,16,95,10.0,59.4
1496,イブプロフェン,JP1,EMERALD,5,69,14,42,20.3,60.9
1497,サブカルメンヘラ,JP1,EMERALD,5,92,15,51,16.3,55.4
1498,落下星,JP1,EMERALD,5,133,23,70,17.3,52.6
1499,ponzu,0014,EMERALD,5,177,24,99,13.6,55.9
1500,K0D,hp36,EMERALD,5,83,17,50,20.5,60.2
1501,空飛ぶ宝石,れのんくん,EMERALD,4,145,11,74,7.6,51.0
1502,永山陽介,JP1,EMERALD,4,147,19,81,12.9,55.1
1503,臥煙12,gaen2,EMERALD,4,114,18,67,15.8,58.8
1504,ひらーぱ,555,EMERALD,4,160,18,89,11.2,55.6
1505,habutaemochi,7449,EMERALD,4,83,14,49,16.9,59.0
1506,kyabetsuuuuu,JP1,EMERALD,4,220,27,111,12.3,50.5
1507,morigamesh,1122,EMERALD,4,161,22,86,13.7,53.4
1508,RELLANA,rk1,EMERALD,3,171,18,91,10.5,53.2
1509,24saimusyoku,JP1,EMERALD,3,197,25,100,12.7,50.8
1510,xXゼノールXx,3678,EMERALD,3,186,26,101,14.0,54.3
1511,가나무,JPN,EMERALD,3,155,22,85,14.2,54.8
1512,esamMK2,6843,EMERALD,3,114,15,68,13.2,59.6
1513,Lil gashima,7343,EMERALD,3,79,17,49,21.5,62.0
1514,ゲソ丸,48g,EMERALD,3,45,13,34,28.9,75.6
1515,リトルトゥミタ,2415,EMERALD,2,226,34,116,15.0,51.3
1516,中卒1パチ大好き期間工,mkt,EMERALD,1,46,12,30,26.1,65.2
1517,jincrorojp,JP1,EMERALD,0,184,25,101,13.6,54.9
1518,kagaminn,JP1,EMERALD,0,193,25,105,13.0,54.4
1519,lilwalo,JP1,EMERALD,0,92,26,49,28.3,53.3
1520,metao,4996,EMERALD,0,134,14,74,10.4,55.2
1521,6256,mtgr,EMERALD,0,256,29,130,11.3,50.8
1522,さふぇ39,JP1,EMERALD,0,202,29,104,14.4,51.5
1523,yunAeriaI,JP1,EMERALD,0,258,22,131,8.5,50.8
1524,kino,moc,EMERALD,0,97,12,56,12.4,57.7
1525,kolaghancommand,JP1,EMERALD,0,95,11,53,11.6,55.8
1526,もんちゃんなう,JP1,EMERALD,0,113,14,60,12.4,53.1
1527,お絵描きの森,JP1,EMERALD,0,110,21,61,19.1,55.5
1528,breastar,JP1,EMERALD,0,82,15,49,18.3,59.8
1529,柴犬にこちゃん,JP111,EMERALD,0,51,12,34,23.5,66.7
1530,スピキヲイジメヌンデ,伝説ペット,EMERALD,0,132,23,66,17.4,50.0
1531,tarako,444,EMERALD,0,238,36,120,15.1,50.4
1532,at 4am,JP1,EMERALD,0,56,12,36,21.4,64.3
1533,anls,JP1,EMERALD,0,143,26,78,18.2,54.5
1534,最高速度でブチ抜いたる,さぁ行こう,EMERALD,0,297,39,148,13.1,49.8
1535,snoyyy,6191,EMERALD,0,88,21,51,23.9,58.0
1536,クランチー,JP1,EMERALD,0,163,30,79,18.4,48.5
1537,宇治抹茶餡蜜,JP1,EMERALD,0,80,8,51,10.0,63.7
1538,luissssssss,such,EMERALD,0,96,18,66,18.8,68.8
1539,amuro roy,JP1,EMERALD,0,85,12,51,14.1,60.0
1540,ripe,9085,EMERALD,0,89,18,57,20.2,64.0
1541,Z03,6905,EMERALD,0,81,15,46,18.5,56.8
1542,SpecialThanks,8640,EMERALD,0,149,22,82,14.8,55.0
1543,ringoomikan,JP1,EMERALD,0,101,17,60,16.8,59.4
1544,4LA,6168,EMERALD,0,134,24,69,17.9,51.5
1545,Queencard,GIDLE,EMERALD,0,78,14,48,17.9,61.5
1546,ヴエ口エルコ,度し難い,EMERALD,0,175,23,101,13.1,57.7
1547,wings of piano,mugi,EMERALD,0,43,9,31,20.9,72.1
1548,mithukan,5975,EMERALD,0,256,32,129,12.5,50.4
1549,watermelon,3496,EMERALD,0,79,9,49,11.4,62.0
1550,こがら,145,EMERALD,0,72,5,46,6.9,63.9
1551,yamaken,123,EMERALD,0,109,16,64,14.7,58.7
1552,ダカ夫くん,7414,EMERALD,0,96,18,57,18.8,59.4
1553,takodesu,tako,EMERALD,0,86,15,55,17.4,64.0
1554,高速ダブルポロ,0000,EMERALD,0,191,29,104,15.2,54.5
1555,ehho ehho,ehho,EMERALD,0,81,8,53,9.9,65.4
1556,マホロア,4088,EMERALD,0,116,9,69,7.8,59.5
1557,lily,928,EMERALD,0,87,18,51,20.7,58.6
1558,Jakadesu,2296,EMERALD,0,132,21,77,15.9,58.3
1559,kabechi,3435,EMERALD,0,63,14,39,22.2,61.9
1560,ぷりん,4556,EMERALD,0,150,23,78,15.3,52.0
1561,TKG,tkk,EMERALD,0,138,17,82,12.3,59.4
1562,sashimi,3232,EMERALD,0,74,15,44,20.3,59.5
1563,mitsugood,3048,EMERALD,0,332,24,168,7.2,50.6
1564,Ayaya,5101,EMERALD,0,129,25,74,19.4,57.4
1565,opam,777,EMERALD,0,27,12,22,44.4,81.5
1566,红温小枣,1122,EMERALD,0,160,34,94,21.2,58.8
1567,NJR Tempest,5760,EMERALD,0,176,18,91,10.2,51.7
1568,ふぇむ,JP1,EMERALD,99,164,29,85,17.7,51.8
1569,aru,3194,EMERALD,99,139,14,76,10.1,54.7
1570,moQey,JP1,EMERALD,98,101,15,59,14.9,58.4
1571,ONUKING,ONON,EMERALD,97,158,19,85,12.0,53.8
1572,Kunagi,JP1,EMERALD,97,73,17,44,23.3,60.3
1573,りるそむ,うさぎぐみ,EMERALD,96,70,13,43,18.6,61.4
1574,きーな,7774,EMERALD,96,157,19,85,12.1,54.1
1575,spadeokayu,JP1,EMERALD,95,159,29,80,18.2,50.3
1576,M1nE7,6133,EMERALD,95,48,11,33,22.9,68.8
1577,口だけ千人長,1000,EMERALD,93,44,10,33,22.7,75.0
1578,からぶり,JP1,EMERALD,93,135,12,76,8.9,56.3
1579,Raytan,6866,EMERALD,93,169,17,85,10.1,50.3
1580,EIGO,JP1,EMERALD,92,137,16,71,11.7,51.8
1581,basis9,JP1,EMERALD,92,79,12,51,15.2,64.6
1582,夜明けの星バーノ,61083,EMERALD,92,153,13,84,8.5,54.9
1583,Daizin,6669,EMERALD,91,131,23,79,17.6,60.3
1584,mogio83,JP1,EMERALD,90,246,32,119,13.0,48.4
1585,もふもふきゃっとぷりん,もふもふ,EMERALD,90,197,15,111,7.6,56.3
1586,赤坂秀樹,shin,EMERALD,90,104,19,55,18.3,52.9
1587,Lan Phương,VNer,EMERALD,89,174,34,90,19.5,51.7
1588,eXz,222,EMERALD,89,62,17,36,27.4,58.1
1589,窝似逆蝶,36234,EMERALD,89,115,19,64,16.5,55.7
1590,hachimitsumekiri,JP1,EMERALD,89,103,13,55,12.6,53.4
1591,Furusawa Ryo,0522,EMERALD,88,137,28,71,20.4,51.8
1592,fml429,94657,EMERALD,88,133,24,76,18.0,57.1
1593,junpocho,JP1,EMERALD,87,121,14,72,11.6,59.5
1594,gos999,JP1,EMERALD,86,117,10,71,8.5,60.7
1595,SORAMAME,BRGD,EMERALD,86,226,25,128,11.1,56.6
1596,Lost Robin Rondo,0930,EMERALD,86,120,13,71,10.8,59.2
1597,NecomancerRIN,ZTMY,EMERALD,85,209,27,108,12.9,51.7
1598,keemafish,JP1,EMERALD,85,57,15,39,26.3,68.4
1599,stubby7,JP1,EMERALD,85,64,16,39,25.0,60.9
1600,kapi,7178,EMERALD,85,130,26,70,20.0,53.8
1601,chabosuki,0330,EMERALD,85,224,29,111,12.9,49.6
1602,DuyThanh,1998,EMERALD,85,153,22,83,14.4,54.2
1603,VK KIM,JP1,EMERALD,84,249,34,127,13.7,51.0
1604,hunger668,JP1,EMERALD,84,152,19,80,12.5,52.6
1605,hummingbird,1126,EMERALD,84,146,16,78,11.0,53.4
1606,Prep Coin GG,Rogue,EMERALD,84,38,11,28,28.9,73.7
1607,shin0707,54072,EMERALD,84,96,17,57,17.7,59.4
1608,ろってぃ,OOO,EMERALD,83,89,21,53,23.6,59.6
1609,ぐりん,ぐりん,EMERALD,83,70,8,42,11.4,60.0
1610,amyacha,0909,EMERALD,83,120,20,66,16.7,55.0
1611,磨きにしん,4507,EMERALD,82,151,16,82,10.6,54.3
1612,リパブリック賛歌,JP1,EMERALD,82,121,20,74,16.5,61.2
1613,ぱ お,PAO,EMERALD,82,147,19,84,12.9,57.1
1614,Nica,JP01,EMERALD,82,94,17,49,18.1,52.1
1615,虹色ピクミン,オリマー,EMERALD,82,49,17,33,34.7,67.3
1616,Ace Akane,JP1,EMERALD,81,53,11,36,20.8,67.9
1617,cefon,JP1,EMERALD,81,116,29,59,25.0,50.9
1618,かぷりこ,7639,EMERALD,81,124,22,67,17.7,54.0
1619,jakoooooooooo,JP1,EMERALD,80,148,25,79,16.9,53.4
1620,Cuatro123,JP1,EMERALD,80,132,19,73,14.4,55.3
1621,お台場向上委員会,36968,EMERALD,80,166,10,88,6.0,53.0
1622,りつは,JP1,EMERALD,79,142,27,73,19.0,51.4
1623,juventino,JP1,EMERALD,78,162,19,89,11.7,54.9
1624,紅乃うさ,neba,EMERALD,78,200,16,104,8.0,52.0
1625,マクド難民,JP1,EMERALD,78,120,18,66,15.0,55.0
1626,wood,9779,EMERALD,78,80,16,49,20.0,61.3
1627,OnMyW41,OMWAY,EMERALD,76,73,14,45,19.2,61.6
1628,0m0chi,JP1,EMERALD,75,129,19,73,14.7,56.6
1629,タツオノトシゴ,321,EMERALD,75,108,18,60,16.7,55.6
1630,ぅわお,123,EMERALD,75,138,20,75,14.5,54.3
1631,veritra,JP1,EMERALD,75,69,15,39,21.7,56.5
1632,O123456789,JP1,EMERALD,75,133,17,81,12.8,60.9
1633,成瀬あかり,664,EMERALD,75,81,11,54,13.6,66.7
1634,青い残響,LCBB,EMERALD,75,98,9,58,9.2,59.2
1635,53拾いのおっさん,JP1,EMERALD,75,194,27,98,13.9,50.5
1636,smokeGPT,juo,EMERALD,75,115,18,64,15.7,55.7
1637,Mainichi,JP1,EMERALD,75,135,13,76,9.6,56.3
1638,Bobuuuuuuuuuuuu,JP1,EMERALD,75,64,12,41,18.8,64.1
1639,DARUS02,JP719,EMERALD,75,151,26,85,17.2,56.3
1640,underhill,215,EMERALD,75,133,17,70,12.8,52.6
1641,42Mbps,504ms,EMERALD,75,68,14,40,20.6,58.8
1642,おさゆわり,JP1,EMERALD,75,89,16,51,18.0,57.3
1643,tamtam,8447,EMERALD,75,59,16,35,27.1,59.3
1644,MèoNgao,2701,EMERALD,75,373,48,178,12.9,47.7
1645,からたべ,8208,EMERALD,75,130,20,74,15.4,56.9
1646,miyoshi,9530,EMERALD,75,161,25,86,15.5,53.4
1647,tsubumelon,15786,EMERALD,75,102,19,61,18.6,59.8
1648,ごーや,1992,EMERALD,75,159,24,85,15.1,53.5
1649,s4tiva,420,EMERALD,75,275,32,134,11.6,48.7
1650,wqiK,Allmb,EMERALD,75,91,14,56,15.4,61.5
1651,華やかな服を着たウサギ,7777,EMERALD,75,162,29,85,17.9,52.5
1652,アニマ部隊被せます,1104,EMERALD,75,166,19,93,11.4,56.0
1653,たとえ灰になっても,427,EMERALD,75,94,15,56,16.0,59.6
1654,Jammy bastard,1102,EMERALD,75,107,13,56,12.1,52.3
1655,aiee,4054,EMERALD,75,139,18,76,12.9,54.7
1656,21489751309,11245,EMERALD,75,186,38,98,20.4,52.7
1657,zerojay,JAPAN,EMERALD,75,122,28,64,23.0,52.5
1658,Uwo,912,EMERALD,75,113,25,64,22.1,56.6
1659,らがまふぃん,JP1,EMERALD,74,122,18,62,14.8,50.8
1660,クラーク博士,JP1,EMERALD,74,128,21,73,16.4,57.0
1661,9luv4,1925,EMERALD,74,104,13,60,12.5,57.7
1662,Ria,8207,EMERALD,74,161,15,93,9.3,57.8
1663,WhitePonyTJ,JP1,EMERALD,74,341,60,179,17.6,52.5
1664,kpkp,4430,EMERALD,74,233,31,122,13.3,52.4
1665,leehw,3513,EMERALD,73,56,10,38,17.9,67.9
1666,TonoNyo,3872,EMERALD,73,154,19,79,12.3,51.3
1667,SimesabaMonster,JP1,EMERALD,72,259,42,125,16.2,48.3
1668,JunkyardTitan,JP1,EMERALD,72,43,13,29,30.2,67.4
1669,Yuel,1332,EMERALD,72,146,31,73,21.2,50.0
1670,Eche,JP1,EMERALD,72,88,14,49,15.9,55.7
1671,QLD,715,EMERALD,71,98,11,55,11.2,56.1
1672,あおの,8910,EMERALD,71,134,27,73,20.1,54.5
1673,hakuOvO,1925,EMERALD,71,158,18,86,11.4,54.4
1674,はまち,62935,EMERALD,71,141,21,77,14.9,54.6
1675,scache,JP1,EMERALD,70,62,11,39,17.7,62.9
1676,NirssiK,JP1,EMERALD,70,269,32,137,11.9,50.9
1677,あとれっど,JP1,EMERALD,70,60,17,34,28.3,56.7
1678,토끼Bunny,momo,EMERALD,70,239,24,124,10.0,51.9
1679,ありすもい,moi,EMERALD,70,144,24,74,16.7,51.4
1680,Toammie,PriN,EMERALD,70,72,16,40,22.2,55.6
1681,KMJ,JP1,EMERALD,69,59,16,36,27.1,61.0
1682,kanimisoumenn,JP1,EMERALD,69,119,18,72,15.1,60.5
1683,ナイトシティでは人を信じるな,3772,EMERALD,69,142,14,76,9.9,53.5
1684,ねっく,JP1,EMERALD,69,107,14,62,13.1,57.9
1685,漆黒の捕食者,神堕ち,EMERALD,69,190,28,100,14.7,52.6
1686,Marsh,12011,EMERALD,69,69,20,49,29.0,71.0
1687,INAX,JP1,EMERALD,68,157,21,96,13.4,61.1
1688,blookt,JP1,EMERALD,68,105,8,60,7.6,57.1
1689,最後の晩餐 担当者,1234,EMERALD,68,108,13,60,12.0,55.6
1690,kuru,9606,EMERALD,68,86,15,56,17.4,65.1
1691,みぞのぬし,fish,EMERALD,68,123,14,71,11.4,57.7
1692,れいじん,JP1,EMERALD,67,94,17,50,18.1,53.2
1693,KYOKYK,JP1,EMERALD,67,52,12,33,23.1,63.5
1694,MoNoKeNN,JP1,EMERALD,67,145,25,76,17.2,52.4
1695,dashicha,JP1,EMERALD,67,87,9,51,10.3,58.6
1696,mona,PSP,EMERALD,67,83,19,50,22.9,60.2
1697,eib0n,JP1,EMERALD,66,61,10,41,16.4,67.2
1698,mirumirun,JP1,EMERALD,66,47,16,28,34.0,59.6
1699,SSG milkyplum,4372,EMERALD,66,79,13,46,16.5,58.2
1700,真田 森,うおw,EMERALD,66,139,20,77,14.4,55.4
1701,ゆめみ,JP1,EMERALD,65,212,29,107,13.7,50.5
1702,cta,JP1,EMERALD,65,146,22,79,15.1,54.1
1703,ofutongg,6235,EMERALD,65,125,20,64,16.0,51.2
1704,KURO15,JP1,EMERALD,65,206,25,107,12.1,51.9
1705,りりべる,5666,EMERALD,65,110,15,61,13.6,55.5
1706,朝方は我儘,dada,EMERALD,65,44,10,30,22.7,68.2
1707,岸和田の王 フジリョ,藤凌アイル,EMERALD,65,196,24,109,12.2,55.6
1708,Kan7dk,9618,EMERALD,65,88,12,51,13.6,58.0
1709,baibai,3259,EMERALD,65,81,21,45,25.9,55.6
1710,分かってんだろ,peace,EMERALD,64,150,17,88,11.3,58.7
1711,ｳﾁｭｳガｳﾀｯﾃｸﾚﾃｲﾙｳ,JP1,EMERALD,64,74,17,45,23.0,60.8
1712,mazamun,00000,EMERALD,64,140,21,71,15.0,50.7
1713,HAKAIHONDA,KAMI,EMERALD,64,191,29,101,15.2,52.9
1714,Guーtara,JP1,EMERALD,63,53,9,35,17.0,66.0
1715,harμ,JP1,EMERALD,63,56,10,36,17.9,64.3
1716,Kazami,1910,EMERALD,63,111,19,56,17.1,50.5
1717,あきしゃ,akish,EMERALD,63,156,22,86,14.1,55.1
1718,pastaraisuke,JP2,EMERALD,62,115,16,66,13.9,57.4
1719,Rimoco,7777,EMERALD,62,189,20,103,10.6,54.5
1720,のあどら,JP2,EMERALD,62,71,9,46,12.7,64.8
1721,たまごっチ,0827,EMERALD,62,151,22,81,14.6,53.6
1722,SpicyCoffee,JP1,EMERALD,61,44,6,33,13.6,75.0
1723,Hikozaru7,6312,EMERALD,61,95,21,52,22.1,54.7
1724,1sha1,JP1,EMERALD,61,223,38,114,17.0,51.1
1725, rakudaisei,JP1,EMERALD,61,72,12,45,16.7,62.5
1726,awarc1818,JP1,EMERALD,61,89,14,52,15.7,58.4
1727,Zenith of Enma,mjt,EMERALD,61,107,20,55,18.7,51.4
1728,混沌のショーク,69313,EMERALD,61,210,28,100,13.3,47.6
1729,ciple753,JP1,EMERALD,60,60,12,34,20.0,56.7
1730,tojk,2222,EMERALD,60,240,30,120,12.5,50.0
1731,red,qwrty,EMERALD,60,173,14,92,8.1,53.2
1732,Takacha,6611,EMERALD,60,178,26,96,14.6,53.9
1733,ドライ,2833,EMERALD,60,67,12,40,17.9,59.7
1734,barieytea,0426,EMERALD,60,110,19,63,17.3,57.3
1735,juck,zoo,EMERALD,60,167,21,91,12.6,54.5
1736,びっとこ女子,JP1,EMERALD,59,221,34,117,15.4,52.9
1737,バシャラティ,ARI,EMERALD,59,75,10,48,13.3,64.0
1738,Snowballl23,JP1,EMERALD,59,165,23,88,13.9,53.3
1739,ERR0R,093,EMERALD,59,138,17,79,12.3,57.2
1740,go tune,666,EMERALD,59,85,16,52,18.8,61.2
1741,Rudeboy,JP1,EMERALD,58,125,27,66,21.6,52.8
1742,JёllyFish,JPN,EMERALD,58,64,7,41,10.9,64.1
1743,s03rlx,lo0,EMERALD,58,204,39,105,19.1,51.5
1744,gin,5848,EMERALD,58,172,29,91,16.9,52.9
1745,wtrnby,JP1,EMERALD,57,109,17,61,15.6,56.0
1746,姫河小雪,3599,EMERALD,57,131,18,72,13.7,55.0
1747,Benjam1nc,JP1,EMERALD,57,61,13,39,21.3,63.9
1748,壁抜き魔貫光殺砲,ピッコロ,EMERALD,57,132,18,75,13.6,56.8
1749,tftnoob,ggwp,EMERALD,57,266,47,138,17.7,51.9
1750,takotti,3238,EMERALD,57,70,8,40,11.4,57.1
1751,Qchin,71895,EMERALD,57,163,20,91,12.3,55.8
1752,melanoleuca,ymd,EMERALD,57,314,47,155,15.0,49.4
1753,プルヤ,usagi,EMERALD,56,146,18,78,12.3,53.4
1754,Ke2nit,1919,EMERALD,56,129,21,72,16.3,55.8
1755,Zenbeeeee,9271,EMERALD,56,127,26,71,20.5,55.9
1756,Diver0528,JP1,EMERALD,55,80,16,45,20.0,56.2
1757,L9troll,JP1,EMERALD,55,103,21,53,20.4,51.5
1758,猫猫猫猫,5799,EMERALD,55,58,17,32,29.3,55.2
1759,ilex,6774,EMERALD,55,132,15,72,11.4,54.5
1760,YuNo,RST,EMERALD,55,239,12,128,5.0,53.6
1761,ｍｍ置きのミリオ,3110,EMERALD,55,119,13,65,10.9,54.6
1762,Santa Maria ito,84764,EMERALD,55,303,33,151,10.9,49.8
1763,niruka,JP2,EMERALD,54,106,19,57,17.9,53.8
1764,Kyantama,0013,EMERALD,54,61,7,41,11.5,67.2
1765,nira4,1780,EMERALD,54,97,6,58,6.2,59.8
1766,あとりえまるめろでぃ,9395,EMERALD,54,104,17,61,16.3,58.7
1767,あんがーいっしゅー,Aufhe,EMERALD,54,59,15,37,25.4,62.7
1768,mutekinoyoujo,5524,EMERALD,54,110,15,61,13.6,55.5
1769,eimmy,JP1,EMERALD,53,223,21,127,9.4,57.0
1770,KatoKenshiro,3224,EMERALD,53,130,22,66,16.9,50.8
1771,hihiyeuem,LOVE,EMERALD,53,158,25,83,15.8,52.5
1772,はとば,5428,EMERALD,53,125,20,68,16.0,54.4
1773,camellia,edu,EMERALD,53,76,12,43,15.8,56.6
1774,ai2j0,121,EMERALD,53,287,31,144,10.8,50.2
1775,いまのん,JP1,EMERALD,52,38,9,27,23.7,71.1
1776,sato12,JP1,EMERALD,52,110,21,61,19.1,55.5
1777,とみー,6046,EMERALD,52,99,25,55,25.3,55.6
1778,じゃんぼりお父さん,papa,EMERALD,52,108,15,60,13.9,55.6
1779,sokubusokubu,2208,EMERALD,52,58,12,35,20.7,60.3
1780,nobu,16813,EMERALD,52,79,18,45,22.8,57.0
1781,nossou,JP1,EMERALD,51,119,20,60,16.8,50.4
1782,PsYJigsaw,JP1,EMERALD,51,178,24,96,13.5,53.9
1783,miikkaan,JP1,EMERALD,51,142,19,75,13.4,52.8
1784,xiaowugui,AMAI,EMERALD,51,176,25,94,14.2,53.4
1785,SaweiXIII,1145,EMERALD,51,173,26,84,15.0,48.6
1786,apokishi,8151,EMERALD,51,92,12,54,13.0,58.7
1787,karakuti,JP1,EMERALD,50,118,17,66,14.4,55.9
1788,DARK BREATH,YMD,EMERALD,50,91,17,53,18.7,58.2
1789,ハートピアスローライフ,0000,EMERALD,50,80,14,51,17.5,63.7
1790,Nameless,832,EMERALD,50,63,10,40,15.9,63.5
1791,RED,jp0,EMERALD,50,69,17,39,24.6,56.5
1792,klaus1000,JP1,EMERALD,49,261,31,129,11.9,49.4
1793,Grineko,JP1,EMERALD,49,78,14,46,17.9,59.0
1794,でぃあんぴ,JP1,EMERALD,49,97,12,53,12.4,54.6
1795,きゃばりあ,tft,EMERALD,49,333,47,169,14.1,50.8
1796,黙示録コシス,Poe2,EMERALD,48,88,12,49,13.6,55.7
1797,kaju,2319,EMERALD,48,93,11,52,11.8,55.9
1798,keats,5166,EMERALD,48,135,22,70,16.3,51.9
1799,crescent,0508,EMERALD,47,62,15,35,24.2,56.5
1800,seagull0430,JP1,EMERALD,47,147,12,85,8.2,57.8
1801,dinatare,JP1,EMERALD,47,229,28,114,12.2,49.8
1802,TFTどうでしょう,JP1,EMERALD,47,134,8,77,6.0,57.5
1803,nenene,3695,EMERALD,47,191,28,97,14.7,50.8
1804,Ro44,6803,EMERALD,47,99,18,57,18.2,57.6
1805,errrrrgo,3579,EMERALD,47,143,15,83,10.5,58.0
1806,morocorn,9531,EMERALD,47,76,16,41,21.1,53.9
1807,SonyaDoll,zgn,EMERALD,46,113,13,61,11.5,54.0
1808,EarthlingB,JP1,EMERALD,46,260,29,132,11.2,50.8
1809,RStigma,111,EMERALD,46,95,14,59,14.7,62.1
1810,Eutpia,221,EMERALD,46,155,23,83,14.8,53.5
1811,ilovesleeping,JP1,EMERALD,45,72,8,48,11.1,66.7
1812,omusubix,6149,EMERALD,45,120,11,64,9.2,53.3
1813,Greed,JP87,EMERALD,45,112,15,62,13.4,55.4
1814,Heヘ33,Heヘ,EMERALD,45,167,29,87,17.4,52.1
1815,ましゅたん,JP1,EMERALD,44,98,21,56,21.4,57.1
1816,toma,JP1,EMERALD,44,128,22,74,17.2,57.8
1817,vKaitov,JP1,EMERALD,44,141,22,80,15.6,56.7
1818,santooooo,JP1,EMERALD,44,84,18,47,21.4,56.0
1819,koben,8764,EMERALD,44,45,10,31,22.2,68.9
1820,sunakkusando,4370,EMERALD,44,114,14,68,12.3,59.6
1821,riku,0203,EMERALD,44,158,13,86,8.2,54.4
1822,kamisama,0155,EMERALD,44,106,18,57,17.0,53.8
1823,ミ ド,3690,EMERALD,44,290,34,144,11.7,49.7
1824,kaitaka,1001,EMERALD,44,139,30,73,21.6,52.5
1825,Plala,001,EMERALD,43,119,15,66,12.6,55.5
1826,ImberLord,JP1,EMERALD,43,159,17,87,10.7,54.7
1827,いんでっくすc,JP1,EMERALD,43,137,18,74,13.1,54.0
1828,zekterra,JP1,EMERALD,43,83,12,48,14.5,57.8
1829,Evil Shadow,777,EMERALD,42,181,31,100,17.1,55.2
1830,ラッコ飼いたい,JP1,EMERALD,42,328,47,159,14.3,48.5
1831,Chise,2772,EMERALD,42,113,12,64,10.6,56.6
1832,rrsk,JP1,EMERALD,42,160,27,84,16.9,52.5
1833,naok1ng,TFT,EMERALD,42,264,34,140,12.9,53.0
1834,akatsuki0637,JP1,EMERALD,42,112,15,61,13.4,54.5
1835,甲賀弦之介,111,EMERALD,42,119,12,64,10.1,53.8
1836,攻略はぴょんるる,1217,EMERALD,42,97,11,55,11.3,56.7
1837,Jus0316,2737,EMERALD,42,92,11,54,12.0,58.7
1838,warningGAM,JP1,EMERALD,42,86,16,49,18.6,57.0
1839,Hamal,2525,EMERALD,41,189,19,109,10.1,57.7
1840,Nyaungry,8659,EMERALD,41,121,21,66,17.4,54.5
1841,kanayoi25,3729,EMERALD,41,70,13,42,18.6,60.0
1842,MiniVooV,おーらい,EMERALD,41,56,10,34,17.9,60.7
1843,ぎんぞー,gin,EMERALD,41,265,26,135,9.8,50.9
1844,辺 見,7六歩,EMERALD,40,50,8,33,16.0,66.0
1845,hugesnowman,JP1,EMERALD,40,85,12,48,14.1,56.5
1846,ぷろもさぷれいやー,本物です,EMERALD,40,129,25,70,19.4,54.3
1847,静岡県代表,una,EMERALD,40,59,16,38,27.1,64.4
1848,Hyz,0301,EMERALD,40,104,17,56,16.3,53.8
1849,Chan,JP1,EMERALD,39,92,19,49,20.7,53.3
1850,kuhaku21,JP1,EMERALD,39,108,21,57,19.4,52.8
1851,kangaskan,0511,EMERALD,39,105,14,59,13.3,56.2
1852,urushi,9049,EMERALD,39,175,25,91,14.3,52.0
1853,eponine,TFT,EMERALD,39,74,12,43,16.2,58.1
1854,babuchan,0000,EMERALD,39,327,33,164,10.1,50.2
1855,元社畜,White,EMERALD,39,134,19,70,14.2,52.2
1856,九條八七,ISTP,EMERALD,39,141,19,75,13.5,53.2
1857,べにぴ,JP1,EMERALD,39,191,35,100,18.3,52.4
1858,おしゃれスクインク,84997,EMERALD,39,48,18,28,37.5,58.3
1859,cheezm,JP1,EMERALD,38,112,17,58,15.2,51.8
1860,しゅーくりーむ,JP1,EMERALD,38,173,22,98,12.7,56.6
1861,Reglet,JP1,EMERALD,38,169,20,93,11.8,55.0
1862,Queen,210,EMERALD,38,61,7,40,11.5,65.6
1863,fuscarpocho,JP1,EMERALD,38,181,27,89,14.9,49.2
1864,じこさいせい,ノーマル,EMERALD,38,188,25,98,13.3,52.1
1865,hijiriB,6004,EMERALD,38,84,7,51,8.3,60.7
1866,turbopotato,9999,EMERALD,37,62,13,37,21.0,59.7
1867,BURIN,JP1,EMERALD,37,60,7,40,11.7,66.7
1868,しろぶらん,JP1,EMERALD,37,114,18,63,15.8,55.3
1869,Akihiko3321,8826,EMERALD,37,102,19,61,18.6,59.8
1870,kuromame,4760,EMERALD,37,113,16,63,14.2,55.8
1871,アンタのスティックビースト,8192,EMERALD,37,161,25,85,15.5,52.8
1872,yukinon,01030,EMERALD,37,207,35,109,16.9,52.7
1873,登山マナーの一礼を忘れるな,ずみです,EMERALD,37,148,24,77,16.2,52.0
1874,shalangaJP,00001,EMERALD,37,69,15,42,21.7,60.9
1875,soiru3639,JP1,EMERALD,36,116,15,64,12.9,55.2
1876,mellxkit,3414,EMERALD,36,91,18,53,19.8,58.2
1877,veryinsanehuman,sheee,EMERALD,36,84,19,50,22.6,59.5
1878,紅月恭弥,0627,EMERALD,36,242,30,123,12.4,50.8
1879,anima6 otp,2157,EMERALD,36,79,16,41,20.3,51.9
1880,Arumik,JP1,EMERALD,35,108,17,61,15.7,56.5
1881,れもにー,JP1,EMERALD,35,129,17,75,13.2,58.1
1882,naopon,JP1,EMERALD,35,99,11,56,11.1,56.6
1883,けいそう,DDROP,EMERALD,35,99,15,55,15.2,55.6
1884,Maccho,7776,EMERALD,35,118,13,66,11.0,55.9
1885,Petrichor,4656,EMERALD,35,118,11,70,9.3,59.3
1886,Saki,LIVE,EMERALD,35,88,17,52,19.3,59.1
1887,珠乃井Na,20764,EMERALD,35,258,40,131,15.5,50.8
1888,Shikozaru0815,JP1,EMERALD,34,80,14,45,17.5,56.2
1889,KobaKeba,KPA,EMERALD,34,65,11,38,16.9,58.5
1890,8ri7n,0430,EMERALD,34,114,19,59,16.7,51.8
1891,kpkp7979,JP1,EMERALD,34,155,17,89,11.0,57.4
1892,Qoolox,JP1,EMERALD,33,184,20,98,10.9,53.3
1893,JPvivit,JP1,EMERALD,33,176,21,101,11.9,57.4
1894,Lynx999,JP1,EMERALD,33,61,10,38,16.4,62.3
1895,LuckyStar,JP1,EMERALD,33,116,13,65,11.2,56.0
1896,Я Я Я,JP1,EMERALD,33,244,40,115,16.4,47.1
1897,ntn,8th,EMERALD,33,108,14,63,13.0,58.3
1898,BIG REITA STAR,3501,EMERALD,33,201,18,109,9.0,54.2
1899,yugutii,yug,EMERALD,33,146,25,80,17.1,54.8
1900,custard,6160,EMERALD,33,177,21,94,11.9,53.1
1901,mizuki,78934,EMERALD,33,250,23,130,9.2,52.0
1902,Hellscythe,JP1,EMERALD,32,100,19,54,19.0,54.0
1903,HaRu,abc,EMERALD,32,76,11,49,14.5,64.5
1904,pppaseri,3639,EMERALD,32,179,23,99,12.8,55.3
1905,DORAMAT,1081,EMERALD,32,136,13,70,9.6,51.5
1906,ほのせふぁいや,kiki,EMERALD,32,148,31,81,20.9,54.7
1907,紫炎流我,がるが,EMERALD,31,345,30,178,8.7,51.6
1908,TFMT1OTTO,JP1,EMERALD,31,219,36,119,16.4,54.3
1909,tyoten,1129,EMERALD,31,118,17,66,14.4,55.9
1910,yuyuyu,JP1,EMERALD,31,59,12,38,20.3,64.4
1911,Sectumsempra,123,EMERALD,31,82,10,50,12.2,61.0
1912,ぢゅふお,JP1,EMERALD,31,129,14,70,10.9,54.3
1913,etymo,JP1,EMERALD,31,177,11,97,6.2,54.8
1914,rizel,9130,EMERALD,31,331,39,177,11.8,53.5
1915,talk box,0202,EMERALD,31,55,14,35,25.5,63.6
1916,yzyzy,917,EMERALD,31,120,17,63,14.2,52.5
1917,九連宝燈,1199,EMERALD,30,191,25,101,13.1,52.9
1918,九条昴,JP1,EMERALD,30,128,13,68,10.2,53.1
1919,Stark,らいふる,EMERALD,30,129,29,68,22.5,52.7
1920,India,JP1,EMERALD,29,70,13,41,18.6,58.6
1921,morato,JP1,EMERALD,29,54,16,31,29.6,57.4
1922,skinni,7457,EMERALD,29,70,12,43,17.1,61.4
1923,kanenene,Teemo,EMERALD,29,115,14,61,12.2,53.0
1924,だいこん,2206,EMERALD,29,79,10,49,12.7,62.0
1925,mikologic,6526,EMERALD,29,69,10,43,14.5,62.3
1926,tojikoOo,JP1,EMERALD,28,95,16,53,16.8,55.8
1927,HAUHAU,はうはう,EMERALD,28,93,17,52,18.3,55.9
1928,내 최애 가시춘,yadon,EMERALD,28,75,13,47,17.3,62.7
1929,namine,Emem,EMERALD,28,224,37,116,16.5,51.8
1930,すばらしいYMSK,4649,EMERALD,28,100,15,56,15.0,56.0
1931,Yozzzz,JP1,EMERALD,28,92,8,55,8.7,59.8
1932,Roy,2000,EMERALD,28,144,20,76,13.9,52.8
1933,sizyukumo,6352,EMERALD,28,58,12,38,20.7,65.5
1934,しゅりー,8161,EMERALD,28,107,16,59,15.0,55.1
1935,Kuina,7313,EMERALD,28,104,17,57,16.3,54.8
1936,ヤコタ,13531,EMERALD,28,109,17,60,15.6,55.0
1937,AlvarAalto,JP1,EMERALD,27,93,20,50,21.5,53.8
1938,bigsosou,7705,EMERALD,27,59,11,40,18.6,67.8
1939,RyoRyoRyo,Ryo,EMERALD,27,179,16,100,8.9,55.9
1940,39wata3510,JP1,EMERALD,27,85,11,52,12.9,61.2
1941,SaStar,JP1,EMERALD,26,89,18,49,20.2,55.1
1942,octoo,1412,EMERALD,26,146,15,81,10.3,55.5
1943,りるら,JP1,EMERALD,26,77,16,43,20.8,55.8
1944,ポメラニアン帝国,JP1,EMERALD,26,60,10,37,16.7,61.7
1945,みにしげさん,0713,EMERALD,26,114,18,62,15.8,54.4
1946,seaweed,neotp,EMERALD,26,147,15,79,10.2,53.7
1947,kzy,1392,EMERALD,26,158,22,78,13.9,49.4
1948,バイキンマン,9125,EMERALD,26,123,21,68,17.1,55.3
1949,ないとめあ,0116,EMERALD,26,260,40,130,15.4,50.0
1950,Haru,04032,EMERALD,26,264,12,145,4.5,54.9
1951,cyc,cycyc,EMERALD,26,117,25,64,21.4,54.7
1952,毒人参,2675,EMERALD,25,160,25,83,15.6,51.9
1953,ﾁｿﾀﾏの妖精,超でかい,EMERALD,25,99,20,59,20.2,59.6
1954,よーぐると53,JP1,EMERALD,25,63,10,36,15.9,57.1
1955,Lelouch,冥府一千,EMERALD,25,143,32,77,22.4,53.8
1956,Alu9,4066,EMERALD,25,87,15,49,17.2,56.3
1957,mob9ta,kyuta,EMERALD,25,94,17,51,18.1,54.3
1958,SH1N0N,963,EMERALD,25,123,20,70,16.3,56.9
1959,フウライ,JP1,EMERALD,24,137,15,75,10.9,54.7
1960,vongole1014,JP1,EMERALD,24,101,17,55,16.8,54.5
1961,Blade,7552,EMERALD,24,86,9,52,10.5,60.5
1962,かにかぴ,JP1,EMERALD,24,77,10,48,13.0,62.3
1963,チヲハウハネ,1231,EMERALD,24,67,8,44,11.9,65.7
1964,yuuu,5116,EMERALD,24,97,17,56,17.5,57.7
1965,fiうおw,faaaa,EMERALD,24,233,29,123,12.4,52.8
1966,AlexPereira,7197,EMERALD,24,144,14,74,9.7,51.4
1967,ハリソン田中,5852,EMERALD,24,80,8,47,10.0,58.8
1968,Merry Christmas,OwO,EMERALD,24,140,24,80,17.1,57.1
1969,toguri,JP1,EMERALD,23,112,7,67,6.2,59.8
1970,bad guy,JP1,EMERALD,23,158,25,85,15.8,53.8
1971,anivian,JP1,EMERALD,23,92,11,54,12.0,58.7
1972,corgi07,o3o,EMERALD,23,111,13,62,11.7,55.9
1973,Addfa,JP1,EMERALD,23,54,16,33,29.6,61.1
1974,Rama,Lee,EMERALD,23,70,10,41,14.3,58.6
1975,qwaszx210JP,210,EMERALD,23,234,33,125,14.1,53.4
1976,mibuchi,1234,EMERALD,23,151,23,79,15.2,52.3
1977,ENAPAPA,JP1,EMERALD,22,71,13,44,18.3,62.0
1978,枯れる,JP1,EMERALD,22,127,22,65,17.3,51.2
1979,zakino,6918,EMERALD,22,70,11,45,15.7,64.3
1980,syamo,2349,EMERALD,22,89,9,50,10.1,56.2
1981,藪睨 空腹,全死大戦,EMERALD,22,94,15,56,16.0,59.6
1982,村瀬 aka ジョン太,インセイン,EMERALD,22,122,21,67,17.2,54.9
1983,ジェット,てんぷら,EMERALD,22,72,14,41,19.4,56.9
1984,彗星虫,JP9,EMERALD,22,56,13,36,23.2,64.3
1985,kanmi,310,EMERALD,22,124,19,68,15.3,54.8
1986,とくもり,JP1,EMERALD,22,86,17,47,19.8,54.7
1987,Canas22,JP1,EMERALD,21,66,15,41,22.7,62.1
1988,saki,pai,EMERALD,21,154,25,74,16.2,48.1
1989,かのえん,JP1,EMERALD,21,107,13,64,12.1,59.8
1990,gumin1,JP1,EMERALD,21,191,22,101,11.5,52.9
1991,Ru4ly,5391,EMERALD,21,96,14,55,14.6,57.3
1992,ゴリ一郎,2687,EMERALD,21,141,25,72,17.7,51.1
1993,ロッキー松尾,rooki,EMERALD,21,84,13,49,15.5,58.3
1994,Defectus,Def,EMERALD,21,95,13,52,13.7,54.7
1995,makinyan,drz,EMERALD,21,92,18,57,19.6,62.0
1996,じょん どぅー,JP1,EMERALD,21,77,5,47,6.5,61.0
1997,ゴリラマン1,golli,EMERALD,21,139,14,71,10.1,51.1
1998,ましそん,7337,EMERALD,21,203,27,112,13.3,55.2
1999,Shida,64702,EMERALD,21,110,14,60,12.7,54.5
2000,Notenoten,JP1,EMERALD,20,162,34,83,21.0,51.2
